Plate,Well,BirdID,Sex,DayOfSample,JulianDate,Treatment,TreatmentContinuous,AvgTempDaysC,CoV,AvgVarMaxMin,NormCopyNumber,Target
1,A04,24281,F,1/3/2018,2018003,Cool,30,32.63888889,0.046872941,16.52777889,0.251640909,HSP90B1
1,A05,24281,F,1/3/2018,2018003,Cool,30,32.63888889,0.046872941,16.52777889,0.226269197,HSP90B1
1,A06,24281,F,1/3/2018,2018003,Cool,30,32.63888889,0.046872941,16.52777889,,HSP90B1
1,A07,23894,M,1/8/2018,2018008,Hot,38.3333,41.48148148,0.050704539,19.07407815,,HSP90B1
1,A08,23894,M,1/8/2018,2018008,Hot,38.3333,41.48148148,0.050704539,19.07407815,,HSP90B1
1,A09,23894,M,1/8/2018,2018008,Hot,38.3333,41.48148148,0.050704539,19.07407815,,HSP90B1
1,A10,23870,M,1/4/2018,2018004,Cool,35,32.11111111,0.055255085,16.88888911,,HSP90B1
1,A11,23870,M,1/4/2018,2018004,Cool,35,32.11111111,0.055255085,16.88888911,,HSP90B1
1,A12,23870,M,1/4/2018,2018004,Cool,35,32.11111111,0.055255085,16.88888911,,HSP90B1
1,B04,23882,F,1/8/2018,2018008,Hot,38.3333,41.48148148,0.050704539,19.07407815,,HSP90B1
1,B05,23882,F,1/8/2018,2018008,Hot,38.3333,41.48148148,0.050704539,19.07407815,,HSP90B1
1,B06,23882,F,1/8/2018,2018008,Hot,38.3333,41.48148148,0.050704539,19.07407815,,HSP90B1
1,B07,23871,M,1/4/2018,2018004,Cool,35,32.11111111,0.055255085,16.88888911,,HSP90B1
1,B08,23871,M,1/4/2018,2018004,Cool,35,32.11111111,0.055255085,16.88888911,0.098365623,HSP90B1
1,B09,23871,M,1/4/2018,2018004,Cool,35,32.11111111,0.055255085,16.88888911,0.090609337,HSP90B1
1,B10,23826,M,1/22/2018,2018022,Hot,42.2222,43.47222222,0.030196905,19.72222222,,HSP90B1
1,B11,23826,M,1/22/2018,2018022,Hot,42.2222,43.47222222,0.030196905,19.72222222,,HSP90B1
1,B12,23826,M,1/22/2018,2018022,Hot,42.2222,43.47222222,0.030196905,19.72222222,,HSP90B1
1,C04,24508,F,1/16/2018,2018016,Cool,35,30,0.074074074,16.66666867,,HSP90B1
1,C05,24508,F,1/16/2018,2018016,Cool,35,30,0.074074074,16.66666867,,HSP90B1
1,C06,24508,F,1/16/2018,2018016,Cool,35,30,0.074074074,16.66666867,,HSP90B1
1,C07,23866,F,1/3/2018,2018003,Cool,30,32.63888889,0.046872941,16.52777889,0.120253999,HSP90B1
1,C08,23866,F,1/3/2018,2018003,Cool,30,32.63888889,0.046872941,16.52777889,,HSP90B1
1,C09,23866,F,1/3/2018,2018003,Cool,30,32.63888889,0.046872941,16.52777889,0.081923428,HSP90B1
1,C10,23869,M,1/4/2018,2018004,Cool,35,32.11111111,0.055255085,16.88888911,,HSP90B1
1,C11,23869,M,1/4/2018,2018004,Cool,35,32.11111111,0.055255085,16.88888911,0.022310455,HSP90B1
1,C12,23869,M,1/4/2018,2018004,Cool,35,32.11111111,0.055255085,16.88888911,,HSP90B1
1,D04,23616,F,1/22/2018,2018022,Hot,42.2222,43.47222222,0.030196905,19.72222222,0.024537362,HSP90B1
1,D05,23616,F,1/22/2018,2018022,Hot,42.2222,43.47222222,0.030196905,19.72222222,0.019215343,HSP90B1
1,D06,23616,F,1/22/2018,2018022,Hot,42.2222,43.47222222,0.030196905,19.72222222,,HSP90B1
1,D07,90532,F,1/8/2018,2018008,Hot,38.3333,41.48148148,0.050704539,19.07407815,0.037315855,HSP90B1
1,D08,90532,F,1/8/2018,2018008,Hot,38.3333,41.48148148,0.050704539,19.07407815,0.042219156,HSP90B1
1,D09,90532,F,1/8/2018,2018008,Hot,38.3333,41.48148148,0.050704539,19.07407815,0.042911828,HSP90B1
1,D10,23685,F,1/8/2018,2018008,Hot,38.3333,41.48148148,0.050704539,19.07407815,0.059756396,HSP90B1
1,D11,23685,F,1/8/2018,2018008,Hot,38.3333,41.48148148,0.050704539,19.07407815,,HSP90B1
1,D12,23685,F,1/8/2018,2018008,Hot,38.3333,41.48148148,0.050704539,19.07407815,0.07688204,HSP90B1
1,E04,24507,F,1/16/2018,2018016,Cool,35,30,0.074074074,16.66666867,,HSP90B1
1,E05,24507,F,1/16/2018,2018016,Cool,35,30,0.074074074,16.66666867,,HSP90B1
1,E06,24507,F,1/16/2018,2018016,Cool,35,30,0.074074074,16.66666867,,HSP90B1
1,E07,90591,F,1/2/2018,2018002,Cool,31.11111111,33.14814815,0.042177846,16.66666815,,HSP90B1
1,E08,90591,F,1/2/2018,2018002,Cool,31.11111111,33.14814815,0.042177846,16.66666815,0.006358358,HSP90B1
1,E09,90591,F,1/2/2018,2018002,Cool,31.11111111,33.14814815,0.042177846,16.66666815,0.005648432,HSP90B1
1,E10,23868,M,1/3/2018,2018003,Cool,30,32.63888889,0.046872941,16.52777889,,HSP90B1
1,E11,23868,M,1/3/2018,2018003,Cool,30,32.63888889,0.046872941,16.52777889,0.091523122,HSP90B1
1,E12,23868,M,1/3/2018,2018003,Cool,30,32.63888889,0.046872941,16.52777889,0.063360176,HSP90B1
1,F04,90583,M,1/4/2018,2018004,Cool,35,32.11111111,0.055255085,16.88888911,0.023955329,HSP90B1
1,F05,90583,M,1/4/2018,2018004,Cool,35,32.11111111,0.055255085,16.88888911,,HSP90B1
1,F06,90583,M,1/4/2018,2018004,Cool,35,32.11111111,0.055255085,16.88888911,0.023269547,HSP90B1
1,F07,23850,F,12/30/2017,2017364,Hot,31.6667,37.22222222,0.068396652,15.74074222,,HSP90B1
1,F08,23850,F,12/30/2017,2017364,Hot,31.6667,37.22222222,0.068396652,15.74074222,,HSP90B1
1,F09,23850,F,12/30/2017,2017364,Hot,31.6667,37.22222222,0.068396652,15.74074222,,HSP90B1
1,F10,23625,M,12/30/2017,2017364,Hot,31.6667,37.22222222,0.068396652,15.74074222,,HSP90B1
1,F11,23625,M,12/30/2017,2017364,Hot,31.6667,37.22222222,0.068396652,15.74074222,,HSP90B1
1,F12,23625,M,12/30/2017,2017364,Hot,31.6667,37.22222222,0.068396652,15.74074222,,HSP90B1
1,G04,18945,M,12/30/2017,2017364,Hot,31.6667,37.22222222,0.068396652,15.74074222,0.03873168,HSP90B1
1,G05,18945,M,12/30/2017,2017364,Hot,31.6667,37.22222222,0.068396652,15.74074222,0.022749522,HSP90B1
1,G06,18945,M,12/30/2017,2017364,Hot,31.6667,37.22222222,0.068396652,15.74074222,0.038190094,HSP90B1
1,G07,24511,M,1/16/2018,2018016,Cool,35,30,0.074074074,16.66666867,0.025769771,HSP90B1
1,G08,24511,M,1/16/2018,2018016,Cool,35,30,0.074074074,16.66666867,0.02383554,HSP90B1
1,G09,24511,M,1/16/2018,2018016,Cool,35,30,0.074074074,16.66666867,,HSP90B1
1,G10,23680,M,1/3/2018,2018003,Cool,30,32.63888889,0.046872941,16.52777889,0.110420241,HSP90B1
1,G11,23680,M,1/3/2018,2018003,Cool,30,32.63888889,0.046872941,16.52777889,,HSP90B1
1,G12,23680,M,1/3/2018,2018003,Cool,30,32.63888889,0.046872941,16.52777889,0.042555545,HSP90B1
1,H04,24512,M,1/16/2018,2018016,Cool,35,30,0.074074074,16.66666867,0.00480405,HSP90B1
1,H05,24512,M,1/16/2018,2018016,Cool,35,30,0.074074074,16.66666867,0.006279661,HSP90B1
1,H06,24512,M,1/16/2018,2018016,Cool,35,30,0.074074074,16.66666867,,HSP90B1
1,H07,23886,F,1/8/2018,2018008,Hot,38.3333,41.48148148,0.050704539,19.07407815,,HSP90B1
1,H08,23886,F,1/8/2018,2018008,Hot,38.3333,41.48148148,0.050704539,19.07407815,,HSP90B1
1,H09,23886,F,1/8/2018,2018008,Hot,38.3333,41.48148148,0.050704539,19.07407815,,HSP90B1
1,H10,28805,M,1/8/2018,2018008,Hot,38.3333,41.48148148,0.050704539,19.07407815,0.013426845,HSP90B1
1,H11,28805,M,1/8/2018,2018008,Hot,38.3333,41.48148148,0.050704539,19.07407815,0.020534578,HSP90B1
1,H12,28805,M,1/8/2018,2018008,Hot,38.3333,41.48148148,0.050704539,19.07407815,0.012167939,HSP90B1
2,A04,24128,F,1/3/2018,2018003,Cool,30,32.63888889,0.046872941,16.52777889,0.01477354,HSP90B1
2,A05,24128,F,1/3/2018,2018003,Cool,30,32.63888889,0.046872941,16.52777889,,HSP90B1
2,A06,24128,F,1/3/2018,2018003,Cool,30,32.63888889,0.046872941,16.52777889,0.012520774,HSP90B1
2,A07,18859,M,1/4/2018,2018004,Cool,35,32.11111111,0.055255085,16.88888911,,HSP90B1
2,A08,18859,M,1/4/2018,2018004,Cool,35,32.11111111,0.055255085,16.88888911,,HSP90B1
2,A09,18859,M,1/4/2018,2018004,Cool,35,32.11111111,0.055255085,16.88888911,,HSP90B1
2,A10,23884,F,1/8/2018,2018008,Hot,38.3333,41.48148148,0.050704539,19.07407815,0.071442372,HSP90B1
2,A11,23884,F,1/8/2018,2018008,Hot,38.3333,41.48148148,0.050704539,19.07407815,0.081150547,HSP90B1
2,A12,23884,F,1/8/2018,2018008,Hot,38.3333,41.48148148,0.050704539,19.07407815,0.078149125,HSP90B1
2,B04,23861,M,1/2/2018,2018002,Cool,31.11111111,33.14814815,0.042177846,16.66666815,0.009486253,HSP90B1
2,B05,23861,M,1/2/2018,2018002,Cool,31.11111111,33.14814815,0.042177846,16.66666815,0.008781327,HSP90B1
2,B06,23861,M,1/2/2018,2018002,Cool,31.11111111,33.14814815,0.042177846,16.66666815,0.012355249,HSP90B1
2,B07,???,M,1/8/2018,2018008,Hot,38.3333,41.48148148,0.050704539,19.07407815,0.01324252,HSP90B1
2,B08,???,M,1/8/2018,2018008,Hot,38.3333,41.48148148,0.050704539,19.07407815,0.012531799,HSP90B1
2,B09,???,M,1/8/2018,2018008,Hot,38.3333,41.48148148,0.050704539,19.07407815,0.014926015,HSP90B1
2,C04,23893,F,1/8/2018,2018008,Hot,38.3333,41.48148148,0.050704539,19.07407815,0.022468796,HSP90B1
2,C05,23893,F,1/8/2018,2018008,Hot,38.3333,41.48148148,0.050704539,19.07407815,0.029067026,HSP90B1
2,C06,23893,F,1/8/2018,2018008,Hot,38.3333,41.48148148,0.050704539,19.07407815,,HSP90B1
2,C07,24514,M,1/16/2018,2018016,Cool,35,30,0.074074074,16.66666867,,HSP90B1
2,C08,24514,M,1/16/2018,2018016,Cool,35,30,0.074074074,16.66666867,0.022095245,HSP90B1
2,C09,24514,M,1/16/2018,2018016,Cool,35,30,0.074074074,16.66666867,0.027204164,HSP90B1
2,D04,24116,F,1/2/2018,2018002,Cool,31.11111111,33.14814815,0.042177846,16.66666815,,HSP90B1
2,D05,24116,F,1/2/2018,2018002,Cool,31.11111111,33.14814815,0.042177846,16.66666815,,HSP90B1
2,D06,24116,F,1/2/2018,2018002,Cool,31.11111111,33.14814815,0.042177846,16.66666815,,HSP90B1
2,D07,25430,F,1/3/2018,2018003,Cool,30,32.63888889,0.046872941,16.52777889,0.004346661,HSP90B1
2,D08,25430,F,1/3/2018,2018003,Cool,30,32.63888889,0.046872941,16.52777889,,HSP90B1
2,D09,25430,F,1/3/2018,2018003,Cool,30,32.63888889,0.046872941,16.52777889,0.008707701,HSP90B1
2,E04,23888,M,1/8/2018,2018008,Hot,38.3333,41.48148148,0.050704539,19.07407815,,HSP90B1
2,E05,23888,M,1/8/2018,2018008,Hot,38.3333,41.48148148,0.050704539,19.07407815,0.006569511,HSP90B1
2,E06,23888,M,1/8/2018,2018008,Hot,38.3333,41.48148148,0.050704539,19.07407815,0.005934966,HSP90B1
2,E07,23849,M,12/30/2017,2017364,Hot,31.6667,37.22222222,0.068396652,15.74074222,,HSP90B1
2,E08,23849,M,12/30/2017,2017364,Hot,31.6667,37.22222222,0.068396652,15.74074222,,HSP90B1
2,E09,23849,M,12/30/2017,2017364,Hot,31.6667,37.22222222,0.068396652,15.74074222,,HSP90B1
2,F04,23860,F,1/2/2018,2018002,Cool,31.11111111,33.14814815,0.042177846,16.66666815,,HSP90B1
2,F05,23860,F,1/2/2018,2018002,Cool,31.11111111,33.14814815,0.042177846,16.66666815,,HSP90B1
2,F06,23860,F,1/2/2018,2018002,Cool,31.11111111,33.14814815,0.042177846,16.66666815,,HSP90B1
2,F07,23859,F,1/2/2018,2018002,Cool,31.11111111,33.14814815,0.042177846,16.66666815,0.006923262,HSP90B1
2,F08,23859,F,1/2/2018,2018002,Cool,31.11111111,33.14814815,0.042177846,16.66666815,0.0057397,HSP90B1
2,F09,23859,F,1/2/2018,2018002,Cool,31.11111111,33.14814815,0.042177846,16.66666815,0.00571308,HSP90B1
2,G04,23865,F,1/3/2018,2018003,Cool,30,32.63888889,0.046872941,16.52777889,0.007420047,HSP90B1
2,G05,23865,F,1/3/2018,2018003,Cool,30,32.63888889,0.046872941,16.52777889,0.005207954,HSP90B1
2,G06,23865,F,1/3/2018,2018003,Cool,30,32.63888889,0.046872941,16.52777889,,HSP90B1
2,G07,23892,M,1/8/2018,2018008,Hot,38.3333,41.48148148,0.050704539,19.07407815,,HSP90B1
2,G08,23892,M,1/8/2018,2018008,Hot,38.3333,41.48148148,0.050704539,19.07407815,,HSP90B1
2,G09,23892,M,1/8/2018,2018008,Hot,38.3333,41.48148148,0.050704539,19.07407815,,HSP90B1
2,H04,24278,F,1/22/2018,2018022,Hot,42.2222,43.47222222,0.030196905,19.72222222,0.007829722,HSP90B1
2,H05,24278,F,1/22/2018,2018022,Hot,42.2222,43.47222222,0.030196905,19.72222222,,HSP90B1
2,H06,24278,F,1/22/2018,2018022,Hot,42.2222,43.47222222,0.030196905,19.72222222,0.00896049,HSP90B1
2,H07,24506,F,1/16/2018,2018016,Cool,35,30,0.074074074,16.66666867,0.009611357,HSP90B1
2,H08,24506,F,1/16/2018,2018016,Cool,35,30,0.074074074,16.66666867,0.011775284,HSP90B1
2,H09,24506,F,1/16/2018,2018016,Cool,35,30,0.074074074,16.66666867,0.009599684,HSP90B1
1,A04,24281,F,1/3/2018,2018003,Cool,30,32.63888889,0.046872941,16.52777889,,IL1B
1,A05,24281,F,1/3/2018,2018003,Cool,30,32.63888889,0.046872941,16.52777889,0.036179619,IL1B
1,A06,24281,F,1/3/2018,2018003,Cool,30,32.63888889,0.046872941,16.52777889,0.047802891,IL1B
1,A07,23894,M,1/8/2018,2018008,Hot,38.3333,41.48148148,0.050704539,19.07407815,0.010336245,IL1B
1,A08,23894,M,1/8/2018,2018008,Hot,38.3333,41.48148148,0.050704539,19.07407815,0.009747726,IL1B
1,A09,23894,M,1/8/2018,2018008,Hot,38.3333,41.48148148,0.050704539,19.07407815,0.010093305,IL1B
1,A10,23870,M,1/4/2018,2018004,Cool,35,32.11111111,0.055255085,16.88888911,0.01249608,IL1B
1,A11,23870,M,1/4/2018,2018004,Cool,35,32.11111111,0.055255085,16.88888911,0.012286008,IL1B
1,A12,23870,M,1/4/2018,2018004,Cool,35,32.11111111,0.055255085,16.88888911,0.014533485,IL1B
1,B04,23882,F,1/8/2018,2018008,Hot,38.3333,41.48148148,0.050704539,19.07407815,0.014664637,IL1B
1,B05,23882,F,1/8/2018,2018008,Hot,38.3333,41.48148148,0.050704539,19.07407815,,IL1B
1,B06,23882,F,1/8/2018,2018008,Hot,38.3333,41.48148148,0.050704539,19.07407815,0.009896999,IL1B
1,B07,23871,M,1/4/2018,2018004,Cool,35,32.11111111,0.055255085,16.88888911,0.035988011,IL1B
1,B08,23871,M,1/4/2018,2018004,Cool,35,32.11111111,0.055255085,16.88888911,0.020449576,IL1B
1,B09,23871,M,1/4/2018,2018004,Cool,35,32.11111111,0.055255085,16.88888911,,IL1B
1,B10,23826,M,1/22/2018,2018022,Hot,42.2222,43.47222222,0.030196905,19.72222222,,IL1B
1,B11,23826,M,1/22/2018,2018022,Hot,42.2222,43.47222222,0.030196905,19.72222222,,IL1B
1,B12,23826,M,1/22/2018,2018022,Hot,42.2222,43.47222222,0.030196905,19.72222222,,IL1B
1,C04,24508,F,1/16/2018,2018016,Cool,35,30,0.074074074,16.66666867,0.008633659,IL1B
1,C05,24508,F,1/16/2018,2018016,Cool,35,30,0.074074074,16.66666867,0.011685871,IL1B
1,C06,24508,F,1/16/2018,2018016,Cool,35,30,0.074074074,16.66666867,0.012775309,IL1B
1,C07,23866,F,1/3/2018,2018003,Cool,30,32.63888889,0.046872941,16.52777889,,IL1B
1,C08,23866,F,1/3/2018,2018003,Cool,30,32.63888889,0.046872941,16.52777889,,IL1B
1,C09,23866,F,1/3/2018,2018003,Cool,30,32.63888889,0.046872941,16.52777889,,IL1B
1,C10,23869,M,1/4/2018,2018004,Cool,35,32.11111111,0.055255085,16.88888911,0.017414131,IL1B
1,C11,23869,M,1/4/2018,2018004,Cool,35,32.11111111,0.055255085,16.88888911,0.03477707,IL1B
1,C12,23869,M,1/4/2018,2018004,Cool,35,32.11111111,0.055255085,16.88888911,,IL1B
1,D04,23616,F,1/22/2018,2018022,Hot,42.2222,43.47222222,0.030196905,19.72222222,0.008231776,IL1B
1,D05,23616,F,1/22/2018,2018022,Hot,42.2222,43.47222222,0.030196905,19.72222222,0.007076274,IL1B
1,D06,23616,F,1/22/2018,2018022,Hot,42.2222,43.47222222,0.030196905,19.72222222,,IL1B
1,D07,90532,F,1/8/2018,2018008,Hot,38.3333,41.48148148,0.050704539,19.07407815,0.010888444,IL1B
1,D08,90532,F,1/8/2018,2018008,Hot,38.3333,41.48148148,0.050704539,19.07407815,0.011534184,IL1B
1,D09,90532,F,1/8/2018,2018008,Hot,38.3333,41.48148148,0.050704539,19.07407815,0.014637314,IL1B
1,D10,23685,F,1/8/2018,2018008,Hot,38.3333,41.48148148,0.050704539,19.07407815,,IL1B
1,D11,23685,F,1/8/2018,2018008,Hot,38.3333,41.48148148,0.050704539,19.07407815,,IL1B
1,D12,23685,F,1/8/2018,2018008,Hot,38.3333,41.48148148,0.050704539,19.07407815,,IL1B
1,E04,24507,F,1/16/2018,2018016,Cool,35,30,0.074074074,16.66666867,0.013562291,IL1B
1,E05,24507,F,1/16/2018,2018016,Cool,35,30,0.074074074,16.66666867,0.013911655,IL1B
1,E06,24507,F,1/16/2018,2018016,Cool,35,30,0.074074074,16.66666867,,IL1B
1,E07,90591,F,1/2/2018,2018002,Cool,31.11111111,33.14814815,0.042177846,16.66666815,0.492559048,IL1B
1,E08,90591,F,1/2/2018,2018002,Cool,31.11111111,33.14814815,0.042177846,16.66666815,0.461030198,IL1B
1,E09,90591,F,1/2/2018,2018002,Cool,31.11111111,33.14814815,0.042177846,16.66666815,0.508179199,IL1B
1,E10,23868,M,1/3/2018,2018003,Cool,30,32.63888889,0.046872941,16.52777889,0.010425812,IL1B
1,E11,23868,M,1/3/2018,2018003,Cool,30,32.63888889,0.046872941,16.52777889,,IL1B
1,E12,23868,M,1/3/2018,2018003,Cool,30,32.63888889,0.046872941,16.52777889,0.006325445,IL1B
1,F04,90583,M,1/4/2018,2018004,Cool,35,32.11111111,0.055255085,16.88888911,,IL1B
1,F05,90583,M,1/4/2018,2018004,Cool,35,32.11111111,0.055255085,16.88888911,0.008746561,IL1B
1,F06,90583,M,1/4/2018,2018004,Cool,35,32.11111111,0.055255085,16.88888911,0.009296839,IL1B
1,F07,23850,F,12/30/2017,2017364,Hot,31.6667,37.22222222,0.068396652,15.74074222,,IL1B
1,F08,23850,F,12/30/2017,2017364,Hot,31.6667,37.22222222,0.068396652,15.74074222,,IL1B
1,F09,23850,F,12/30/2017,2017364,Hot,31.6667,37.22222222,0.068396652,15.74074222,,IL1B
1,F10,23625,M,12/30/2017,2017364,Hot,31.6667,37.22222222,0.068396652,15.74074222,,IL1B
1,F11,23625,M,12/30/2017,2017364,Hot,31.6667,37.22222222,0.068396652,15.74074222,,IL1B
1,F12,23625,M,12/30/2017,2017364,Hot,31.6667,37.22222222,0.068396652,15.74074222,,IL1B
1,G04,18945,M,12/30/2017,2017364,Hot,31.6667,37.22222222,0.068396652,15.74074222,0.003070741,IL1B
1,G05,18945,M,12/30/2017,2017364,Hot,31.6667,37.22222222,0.068396652,15.74074222,0.003113816,IL1B
1,G06,18945,M,12/30/2017,2017364,Hot,31.6667,37.22222222,0.068396652,15.74074222,0.004657725,IL1B
1,G07,24511,M,1/16/2018,2018016,Cool,35,30,0.074074074,16.66666867,0.021400378,IL1B
1,G08,24511,M,1/16/2018,2018016,Cool,35,30,0.074074074,16.66666867,0.019770885,IL1B
1,G09,24511,M,1/16/2018,2018016,Cool,35,30,0.074074074,16.66666867,0.022375345,IL1B
1,G10,23680,M,1/3/2018,2018003,Cool,30,32.63888889,0.046872941,16.52777889,,IL1B
1,G11,23680,M,1/3/2018,2018003,Cool,30,32.63888889,0.046872941,16.52777889,,IL1B
1,G12,23680,M,1/3/2018,2018003,Cool,30,32.63888889,0.046872941,16.52777889,,IL1B
1,H04,24512,M,1/16/2018,2018016,Cool,35,30,0.074074074,16.66666867,0.322724324,IL1B
1,H05,24512,M,1/16/2018,2018016,Cool,35,30,0.074074074,16.66666867,0.328109245,IL1B
1,H06,24512,M,1/16/2018,2018016,Cool,35,30,0.074074074,16.66666867,,IL1B
1,H07,23886,F,1/8/2018,2018008,Hot,38.3333,41.48148148,0.050704539,19.07407815,0.005983267,IL1B
1,H08,23886,F,1/8/2018,2018008,Hot,38.3333,41.48148148,0.050704539,19.07407815,,IL1B
1,H09,23886,F,1/8/2018,2018008,Hot,38.3333,41.48148148,0.050704539,19.07407815,0.005652108,IL1B
1,H10,28805,M,1/8/2018,2018008,Hot,38.3333,41.48148148,0.050704539,19.07407815,0.023625708,IL1B
1,H11,28805,M,1/8/2018,2018008,Hot,38.3333,41.48148148,0.050704539,19.07407815,0.019583708,IL1B
1,H12,28805,M,1/8/2018,2018008,Hot,38.3333,41.48148148,0.050704539,19.07407815,0.026002419,IL1B
2,A04,24128,F,1/3/2018,2018003,Cool,30,32.63888889,0.046872941,16.52777889,0.011280568,IL1B
2,A05,24128,F,1/3/2018,2018003,Cool,30,32.63888889,0.046872941,16.52777889,0.007831051,IL1B
2,A06,24128,F,1/3/2018,2018003,Cool,30,32.63888889,0.046872941,16.52777889,0.010690593,IL1B
2,A07,18859,M,1/4/2018,2018004,Cool,35,32.11111111,0.055255085,16.88888911,0.011944293,IL1B
2,A08,18859,M,1/4/2018,2018004,Cool,35,32.11111111,0.055255085,16.88888911,0.008333964,IL1B
2,A09,18859,M,1/4/2018,2018004,Cool,35,32.11111111,0.055255085,16.88888911,0.009632442,IL1B
2,A10,23884,F,1/8/2018,2018008,Hot,38.3333,41.48148148,0.050704539,19.07407815,0.022569738,IL1B
2,A11,23884,F,1/8/2018,2018008,Hot,38.3333,41.48148148,0.050704539,19.07407815,0.015281675,IL1B
2,A12,23884,F,1/8/2018,2018008,Hot,38.3333,41.48148148,0.050704539,19.07407815,0.017841014,IL1B
2,B04,23861,M,1/2/2018,2018002,Cool,31.11111111,33.14814815,0.042177846,16.66666815,0.012526501,IL1B
2,B05,23861,M,1/2/2018,2018002,Cool,31.11111111,33.14814815,0.042177846,16.66666815,0.010429035,IL1B
2,B06,23861,M,1/2/2018,2018002,Cool,31.11111111,33.14814815,0.042177846,16.66666815,0.01260986,IL1B
2,B07,???,M,1/8/2018,2018008,Hot,38.3333,41.48148148,0.050704539,19.07407815,0.013540504,IL1B
2,B08,???,M,1/8/2018,2018008,Hot,38.3333,41.48148148,0.050704539,19.07407815,0.021991789,IL1B
2,B09,???,M,1/8/2018,2018008,Hot,38.3333,41.48148148,0.050704539,19.07407815,0.017544273,IL1B
2,C04,23893,F,1/8/2018,2018008,Hot,38.3333,41.48148148,0.050704539,19.07407815,0.007582937,IL1B
2,C05,23893,F,1/8/2018,2018008,Hot,38.3333,41.48148148,0.050704539,19.07407815,,IL1B
2,C06,23893,F,1/8/2018,2018008,Hot,38.3333,41.48148148,0.050704539,19.07407815,0.017534398,IL1B
2,C07,24514,M,1/16/2018,2018016,Cool,35,30,0.074074074,16.66666867,0.013819468,IL1B
2,C08,24514,M,1/16/2018,2018016,Cool,35,30,0.074074074,16.66666867,0.01468645,IL1B
2,C09,24514,M,1/16/2018,2018016,Cool,35,30,0.074074074,16.66666867,,IL1B
2,D04,24116,F,1/2/2018,2018002,Cool,31.11111111,33.14814815,0.042177846,16.66666815,0.246708321,IL1B
2,D05,24116,F,1/2/2018,2018002,Cool,31.11111111,33.14814815,0.042177846,16.66666815,0.300088105,IL1B
2,D06,24116,F,1/2/2018,2018002,Cool,31.11111111,33.14814815,0.042177846,16.66666815,0.215364154,IL1B
2,D07,25430,F,1/3/2018,2018003,Cool,30,32.63888889,0.046872941,16.52777889,0.010015397,IL1B
2,D08,25430,F,1/3/2018,2018003,Cool,30,32.63888889,0.046872941,16.52777889,0.014231337,IL1B
2,D09,25430,F,1/3/2018,2018003,Cool,30,32.63888889,0.046872941,16.52777889,,IL1B
2,E04,23888,M,1/8/2018,2018008,Hot,38.3333,41.48148148,0.050704539,19.07407815,,IL1B
2,E05,23888,M,1/8/2018,2018008,Hot,38.3333,41.48148148,0.050704539,19.07407815,0.00479721,IL1B
2,E06,23888,M,1/8/2018,2018008,Hot,38.3333,41.48148148,0.050704539,19.07407815,0.006779917,IL1B
2,E07,23849,M,12/30/2017,2017364,Hot,31.6667,37.22222222,0.068396652,15.74074222,0.01260684,IL1B
2,E08,23849,M,12/30/2017,2017364,Hot,31.6667,37.22222222,0.068396652,15.74074222,0.011598403,IL1B
2,E09,23849,M,12/30/2017,2017364,Hot,31.6667,37.22222222,0.068396652,15.74074222,0.014265417,IL1B
2,F04,23860,F,1/2/2018,2018002,Cool,31.11111111,33.14814815,0.042177846,16.66666815,0.005793797,IL1B
2,F05,23860,F,1/2/2018,2018002,Cool,31.11111111,33.14814815,0.042177846,16.66666815,0.003879978,IL1B
2,F06,23860,F,1/2/2018,2018002,Cool,31.11111111,33.14814815,0.042177846,16.66666815,0.005074001,IL1B
2,F07,23859,F,1/2/2018,2018002,Cool,31.11111111,33.14814815,0.042177846,16.66666815,0.006385031,IL1B
2,F08,23859,F,1/2/2018,2018002,Cool,31.11111111,33.14814815,0.042177846,16.66666815,0.011318342,IL1B
2,F09,23859,F,1/2/2018,2018002,Cool,31.11111111,33.14814815,0.042177846,16.66666815,0.006579333,IL1B
2,G04,23865,F,1/3/2018,2018003,Cool,30,32.63888889,0.046872941,16.52777889,0.007729252,IL1B
2,G05,23865,F,1/3/2018,2018003,Cool,30,32.63888889,0.046872941,16.52777889,0.008192013,IL1B
2,G06,23865,F,1/3/2018,2018003,Cool,30,32.63888889,0.046872941,16.52777889,0.011053974,IL1B
2,G07,23892,M,1/8/2018,2018008,Hot,38.3333,41.48148148,0.050704539,19.07407815,,IL1B
2,G08,23892,M,1/8/2018,2018008,Hot,38.3333,41.48148148,0.050704539,19.07407815,,IL1B
2,G09,23892,M,1/8/2018,2018008,Hot,38.3333,41.48148148,0.050704539,19.07407815,,IL1B
2,H04,24278,F,1/22/2018,2018022,Hot,42.2222,43.47222222,0.030196905,19.72222222,0.01349998,IL1B
2,H05,24278,F,1/22/2018,2018022,Hot,42.2222,43.47222222,0.030196905,19.72222222,0.012645674,IL1B
2,H06,24278,F,1/22/2018,2018022,Hot,42.2222,43.47222222,0.030196905,19.72222222,0.009802006,IL1B
2,H07,24506,F,1/16/2018,2018016,Cool,35,30,0.074074074,16.66666867,0.006327127,IL1B
2,H08,24506,F,1/16/2018,2018016,Cool,35,30,0.074074074,16.66666867,0.007225582,IL1B
2,H09,24506,F,1/16/2018,2018016,Cool,35,30,0.074074074,16.66666867,0.007165015,IL1B
1,A04,24281,F,1/3/2018,2018003,Cool,30,32.63888889,0.046872941,16.52777889,1.502501616,HSP90AA1
1,A05,24281,F,1/3/2018,2018003,Cool,30,32.63888889,0.046872941,16.52777889,1.255205924,HSP90AA1
1,A06,24281,F,1/3/2018,2018003,Cool,30,32.63888889,0.046872941,16.52777889,2.099512866,HSP90AA1
1,A07,23894,M,1/8/2018,2018008,Hot,38.3333,41.48148148,0.050704539,19.07407815,0.106387534,HSP90AA1
1,A08,23894,M,1/8/2018,2018008,Hot,38.3333,41.48148148,0.050704539,19.07407815,0.114304733,HSP90AA1
1,A09,23894,M,1/8/2018,2018008,Hot,38.3333,41.48148148,0.050704539,19.07407815,0.109750692,HSP90AA1
1,A10,23870,M,1/4/2018,2018004,Cool,35,32.11111111,0.055255085,16.88888911,0.146839205,HSP90AA1
1,A11,23870,M,1/4/2018,2018004,Cool,35,32.11111111,0.055255085,16.88888911,0.143481846,HSP90AA1
1,A12,23870,M,1/4/2018,2018004,Cool,35,32.11111111,0.055255085,16.88888911,0.134845021,HSP90AA1
1,B04,23882,F,1/8/2018,2018008,Hot,38.3333,41.48148148,0.050704539,19.07407815,0.118132146,HSP90AA1
1,B05,23882,F,1/8/2018,2018008,Hot,38.3333,41.48148148,0.050704539,19.07407815,0.117880837,HSP90AA1
1,B06,23882,F,1/8/2018,2018008,Hot,38.3333,41.48148148,0.050704539,19.07407815,,HSP90AA1
1,B07,23871,M,1/4/2018,2018004,Cool,35,32.11111111,0.055255085,16.88888911,,HSP90AA1
1,B08,23871,M,1/4/2018,2018004,Cool,35,32.11111111,0.055255085,16.88888911,0.384300308,HSP90AA1
1,B09,23871,M,1/4/2018,2018004,Cool,35,32.11111111,0.055255085,16.88888911,0.666164546,HSP90AA1
1,B10,23826,M,1/22/2018,2018022,Hot,42.2222,43.47222222,0.030196905,19.72222222,,HSP90AA1
1,B11,23826,M,1/22/2018,2018022,Hot,42.2222,43.47222222,0.030196905,19.72222222,,HSP90AA1
1,B12,23826,M,1/22/2018,2018022,Hot,42.2222,43.47222222,0.030196905,19.72222222,,HSP90AA1
1,C04,24508,F,1/16/2018,2018016,Cool,35,30,0.074074074,16.66666867,,HSP90AA1
1,C05,24508,F,1/16/2018,2018016,Cool,35,30,0.074074074,16.66666867,1.58118273,HSP90AA1
1,C06,24508,F,1/16/2018,2018016,Cool,35,30,0.074074074,16.66666867,1.620830552,HSP90AA1
1,C07,23866,F,1/3/2018,2018003,Cool,30,32.63888889,0.046872941,16.52777889,0.150193369,HSP90AA1
1,C08,23866,F,1/3/2018,2018003,Cool,30,32.63888889,0.046872941,16.52777889,0.397558239,HSP90AA1
1,C09,23866,F,1/3/2018,2018003,Cool,30,32.63888889,0.046872941,16.52777889,,HSP90AA1
1,C10,23869,M,1/4/2018,2018004,Cool,35,32.11111111,0.055255085,16.88888911,0.496036707,HSP90AA1
1,C11,23869,M,1/4/2018,2018004,Cool,35,32.11111111,0.055255085,16.88888911,0.341796869,HSP90AA1
1,C12,23869,M,1/4/2018,2018004,Cool,35,32.11111111,0.055255085,16.88888911,0.38470701,HSP90AA1
1,D04,23616,F,1/22/2018,2018022,Hot,42.2222,43.47222222,0.030196905,19.72222222,1.568309178,HSP90AA1
1,D05,23616,F,1/22/2018,2018022,Hot,42.2222,43.47222222,0.030196905,19.72222222,1.826459304,HSP90AA1
1,D06,23616,F,1/22/2018,2018022,Hot,42.2222,43.47222222,0.030196905,19.72222222,,HSP90AA1
1,D07,90532,F,1/8/2018,2018008,Hot,38.3333,41.48148148,0.050704539,19.07407815,0.456166894,HSP90AA1
1,D08,90532,F,1/8/2018,2018008,Hot,38.3333,41.48148148,0.050704539,19.07407815,0.450858754,HSP90AA1
1,D09,90532,F,1/8/2018,2018008,Hot,38.3333,41.48148148,0.050704539,19.07407815,0.37224031,HSP90AA1
1,D10,23685,F,1/8/2018,2018008,Hot,38.3333,41.48148148,0.050704539,19.07407815,0.056039863,HSP90AA1
1,D11,23685,F,1/8/2018,2018008,Hot,38.3333,41.48148148,0.050704539,19.07407815,0.167811999,HSP90AA1
1,D12,23685,F,1/8/2018,2018008,Hot,38.3333,41.48148148,0.050704539,19.07407815,,HSP90AA1
1,E04,24507,F,1/16/2018,2018016,Cool,35,30,0.074074074,16.66666867,,HSP90AA1
1,E05,24507,F,1/16/2018,2018016,Cool,35,30,0.074074074,16.66666867,2.86760509,HSP90AA1
1,E06,24507,F,1/16/2018,2018016,Cool,35,30,0.074074074,16.66666867,2.848061127,HSP90AA1
1,E07,90591,F,1/2/2018,2018002,Cool,31.11111111,33.14814815,0.042177846,16.66666815,2.764668962,HSP90AA1
1,E08,90591,F,1/2/2018,2018002,Cool,31.11111111,33.14814815,0.042177846,16.66666815,3.357073099,HSP90AA1
1,E09,90591,F,1/2/2018,2018002,Cool,31.11111111,33.14814815,0.042177846,16.66666815,3.334574336,HSP90AA1
1,E10,23868,M,1/3/2018,2018003,Cool,30,32.63888889,0.046872941,16.52777889,,HSP90AA1
1,E11,23868,M,1/3/2018,2018003,Cool,30,32.63888889,0.046872941,16.52777889,0.120074246,HSP90AA1
1,E12,23868,M,1/3/2018,2018003,Cool,30,32.63888889,0.046872941,16.52777889,0.16751158,HSP90AA1
1,F04,90583,M,1/4/2018,2018004,Cool,35,32.11111111,0.055255085,16.88888911,0.229568181,HSP90AA1
1,F05,90583,M,1/4/2018,2018004,Cool,35,32.11111111,0.055255085,16.88888911,0.192561922,HSP90AA1
1,F06,90583,M,1/4/2018,2018004,Cool,35,32.11111111,0.055255085,16.88888911,0.241441978,HSP90AA1
1,F07,23850,F,12/30/2017,2017364,Hot,31.6667,37.22222222,0.068396652,15.74074222,0.321733922,HSP90AA1
1,F08,23850,F,12/30/2017,2017364,Hot,31.6667,37.22222222,0.068396652,15.74074222,0.604755304,HSP90AA1
1,F09,23850,F,12/30/2017,2017364,Hot,31.6667,37.22222222,0.068396652,15.74074222,,HSP90AA1
1,F10,23625,M,12/30/2017,2017364,Hot,31.6667,37.22222222,0.068396652,15.74074222,0.237414403,HSP90AA1
1,F11,23625,M,12/30/2017,2017364,Hot,31.6667,37.22222222,0.068396652,15.74074222,,HSP90AA1
1,F12,23625,M,12/30/2017,2017364,Hot,31.6667,37.22222222,0.068396652,15.74074222,,HSP90AA1
1,G04,18945,M,12/30/2017,2017364,Hot,31.6667,37.22222222,0.068396652,15.74074222,0.172533113,HSP90AA1
1,G05,18945,M,12/30/2017,2017364,Hot,31.6667,37.22222222,0.068396652,15.74074222,0.187051756,HSP90AA1
1,G06,18945,M,12/30/2017,2017364,Hot,31.6667,37.22222222,0.068396652,15.74074222,0.164371826,HSP90AA1
1,G07,24511,M,1/16/2018,2018016,Cool,35,30,0.074074074,16.66666867,,HSP90AA1
1,G08,24511,M,1/16/2018,2018016,Cool,35,30,0.074074074,16.66666867,0.812741322,HSP90AA1
1,G09,24511,M,1/16/2018,2018016,Cool,35,30,0.074074074,16.66666867,0.938109621,HSP90AA1
1,G10,23680,M,1/3/2018,2018003,Cool,30,32.63888889,0.046872941,16.52777889,0.217392911,HSP90AA1
1,G11,23680,M,1/3/2018,2018003,Cool,30,32.63888889,0.046872941,16.52777889,,HSP90AA1
1,G12,23680,M,1/3/2018,2018003,Cool,30,32.63888889,0.046872941,16.52777889,0.265350214,HSP90AA1
1,H04,24512,M,1/16/2018,2018016,Cool,35,30,0.074074074,16.66666867,,HSP90AA1
1,H05,24512,M,1/16/2018,2018016,Cool,35,30,0.074074074,16.66666867,1.966914052,HSP90AA1
1,H06,24512,M,1/16/2018,2018016,Cool,35,30,0.074074074,16.66666867,,HSP90AA1
1,H07,23886,F,1/8/2018,2018008,Hot,38.3333,41.48148148,0.050704539,19.07407815,,HSP90AA1
1,H08,23886,F,1/8/2018,2018008,Hot,38.3333,41.48148148,0.050704539,19.07407815,0.141546559,HSP90AA1
1,H09,23886,F,1/8/2018,2018008,Hot,38.3333,41.48148148,0.050704539,19.07407815,0.19610194,HSP90AA1
1,H10,28805,M,1/8/2018,2018008,Hot,38.3333,41.48148148,0.050704539,19.07407815,0.265878221,HSP90AA1
1,H11,28805,M,1/8/2018,2018008,Hot,38.3333,41.48148148,0.050704539,19.07407815,0.280580873,HSP90AA1
1,H12,28805,M,1/8/2018,2018008,Hot,38.3333,41.48148148,0.050704539,19.07407815,0.286901846,HSP90AA1
2,A04,24128,F,1/3/2018,2018003,Cool,30,32.63888889,0.046872941,16.52777889,,HSP90AA1
2,A05,24128,F,1/3/2018,2018003,Cool,30,32.63888889,0.046872941,16.52777889,,HSP90AA1
2,A06,24128,F,1/3/2018,2018003,Cool,30,32.63888889,0.046872941,16.52777889,0.15371135,HSP90AA1
2,A07,18859,M,1/4/2018,2018004,Cool,35,32.11111111,0.055255085,16.88888911,0.097539552,HSP90AA1
2,A08,18859,M,1/4/2018,2018004,Cool,35,32.11111111,0.055255085,16.88888911,0.091597543,HSP90AA1
2,A09,18859,M,1/4/2018,2018004,Cool,35,32.11111111,0.055255085,16.88888911,0.088153369,HSP90AA1
2,A10,23884,F,1/8/2018,2018008,Hot,38.3333,41.48148148,0.050704539,19.07407815,0.198250812,HSP90AA1
2,A11,23884,F,1/8/2018,2018008,Hot,38.3333,41.48148148,0.050704539,19.07407815,0.176803288,HSP90AA1
2,A12,23884,F,1/8/2018,2018008,Hot,38.3333,41.48148148,0.050704539,19.07407815,0.184908629,HSP90AA1
2,B04,23861,M,1/2/2018,2018002,Cool,31.11111111,33.14814815,0.042177846,16.66666815,,HSP90AA1
2,B05,23861,M,1/2/2018,2018002,Cool,31.11111111,33.14814815,0.042177846,16.66666815,0.240912321,HSP90AA1
2,B06,23861,M,1/2/2018,2018002,Cool,31.11111111,33.14814815,0.042177846,16.66666815,0.222859497,HSP90AA1
2,B07,???,M,1/8/2018,2018008,Hot,38.3333,41.48148148,0.050704539,19.07407815,0.142980659,HSP90AA1
2,B08,???,M,1/8/2018,2018008,Hot,38.3333,41.48148148,0.050704539,19.07407815,0.194237612,HSP90AA1
2,B09,???,M,1/8/2018,2018008,Hot,38.3333,41.48148148,0.050704539,19.07407815,0.155310731,HSP90AA1
2,C04,23893,F,1/8/2018,2018008,Hot,38.3333,41.48148148,0.050704539,19.07407815,,HSP90AA1
2,C05,23893,F,1/8/2018,2018008,Hot,38.3333,41.48148148,0.050704539,19.07407815,,HSP90AA1
2,C06,23893,F,1/8/2018,2018008,Hot,38.3333,41.48148148,0.050704539,19.07407815,,HSP90AA1
2,C07,24514,M,1/16/2018,2018016,Cool,35,30,0.074074074,16.66666867,0.587358484,HSP90AA1
2,C08,24514,M,1/16/2018,2018016,Cool,35,30,0.074074074,16.66666867,0.643831696,HSP90AA1
2,C09,24514,M,1/16/2018,2018016,Cool,35,30,0.074074074,16.66666867,0.57201572,HSP90AA1
2,D04,24116,F,1/2/2018,2018002,Cool,31.11111111,33.14814815,0.042177846,16.66666815,1.778409821,HSP90AA1
2,D05,24116,F,1/2/2018,2018002,Cool,31.11111111,33.14814815,0.042177846,16.66666815,1.449665437,HSP90AA1
2,D06,24116,F,1/2/2018,2018002,Cool,31.11111111,33.14814815,0.042177846,16.66666815,1.747460117,HSP90AA1
2,D07,25430,F,1/3/2018,2018003,Cool,30,32.63888889,0.046872941,16.52777889,0.206391671,HSP90AA1
2,D08,25430,F,1/3/2018,2018003,Cool,30,32.63888889,0.046872941,16.52777889,,HSP90AA1
2,D09,25430,F,1/3/2018,2018003,Cool,30,32.63888889,0.046872941,16.52777889,0.18258108,HSP90AA1
2,E04,23888,M,1/8/2018,2018008,Hot,38.3333,41.48148148,0.050704539,19.07407815,0.039357598,HSP90AA1
2,E05,23888,M,1/8/2018,2018008,Hot,38.3333,41.48148148,0.050704539,19.07407815,0.034234246,HSP90AA1
2,E06,23888,M,1/8/2018,2018008,Hot,38.3333,41.48148148,0.050704539,19.07407815,0.030342492,HSP90AA1
2,E07,23849,M,12/30/2017,2017364,Hot,31.6667,37.22222222,0.068396652,15.74074222,0.307805085,HSP90AA1
2,E08,23849,M,12/30/2017,2017364,Hot,31.6667,37.22222222,0.068396652,15.74074222,0.213747173,HSP90AA1
2,E09,23849,M,12/30/2017,2017364,Hot,31.6667,37.22222222,0.068396652,15.74074222,0.164194462,HSP90AA1
2,F04,23860,F,1/2/2018,2018002,Cool,31.11111111,33.14814815,0.042177846,16.66666815,,HSP90AA1
2,F05,23860,F,1/2/2018,2018002,Cool,31.11111111,33.14814815,0.042177846,16.66666815,0.075309004,HSP90AA1
2,F06,23860,F,1/2/2018,2018002,Cool,31.11111111,33.14814815,0.042177846,16.66666815,0.071567783,HSP90AA1
2,F07,23859,F,1/2/2018,2018002,Cool,31.11111111,33.14814815,0.042177846,16.66666815,0.202094996,HSP90AA1
2,F08,23859,F,1/2/2018,2018002,Cool,31.11111111,33.14814815,0.042177846,16.66666815,0.220337265,HSP90AA1
2,F09,23859,F,1/2/2018,2018002,Cool,31.11111111,33.14814815,0.042177846,16.66666815,0.184851213,HSP90AA1
2,G04,23865,F,1/3/2018,2018003,Cool,30,32.63888889,0.046872941,16.52777889,,HSP90AA1
2,G05,23865,F,1/3/2018,2018003,Cool,30,32.63888889,0.046872941,16.52777889,,HSP90AA1
2,G06,23865,F,1/3/2018,2018003,Cool,30,32.63888889,0.046872941,16.52777889,0.242161661,HSP90AA1
2,G07,23892,M,1/8/2018,2018008,Hot,38.3333,41.48148148,0.050704539,19.07407815,,HSP90AA1
2,G08,23892,M,1/8/2018,2018008,Hot,38.3333,41.48148148,0.050704539,19.07407815,,HSP90AA1
2,G09,23892,M,1/8/2018,2018008,Hot,38.3333,41.48148148,0.050704539,19.07407815,,HSP90AA1
2,H04,24278,F,1/22/2018,2018022,Hot,42.2222,43.47222222,0.030196905,19.72222222,0.23975424,HSP90AA1
2,H05,24278,F,1/22/2018,2018022,Hot,42.2222,43.47222222,0.030196905,19.72222222,,HSP90AA1
2,H06,24278,F,1/22/2018,2018022,Hot,42.2222,43.47222222,0.030196905,19.72222222,0.282426803,HSP90AA1
2,H07,24506,F,1/16/2018,2018016,Cool,35,30,0.074074074,16.66666867,0.48965887,HSP90AA1
2,H08,24506,F,1/16/2018,2018016,Cool,35,30,0.074074074,16.66666867,0.450596165,HSP90AA1
2,H09,24506,F,1/16/2018,2018016,Cool,35,30,0.074074074,16.66666867,0.401188311,HSP90AA1
1,A04,24281,F,1/3/2018,2018003,Cool,30,32.63888889,0.046872941,16.52777889,0.454121323,HSP60
1,A05,24281,F,1/3/2018,2018003,Cool,30,32.63888889,0.046872941,16.52777889,0.414738238,HSP60
1,A06,24281,F,1/3/2018,2018003,Cool,30,32.63888889,0.046872941,16.52777889,0.443127799,HSP60
1,A07,23894,M,1/8/2018,2018008,Hot,38.3333,41.48148148,0.050704539,19.07407815,0.140521126,HSP60
1,A08,23894,M,1/8/2018,2018008,Hot,38.3333,41.48148148,0.050704539,19.07407815,0.125376021,HSP60
1,A09,23894,M,1/8/2018,2018008,Hot,38.3333,41.48148148,0.050704539,19.07407815,0.149999467,HSP60
1,A10,23870,M,1/4/2018,2018004,Cool,35,32.11111111,0.055255085,16.88888911,0.26195683,HSP60
1,A11,23870,M,1/4/2018,2018004,Cool,35,32.11111111,0.055255085,16.88888911,0.248012691,HSP60
1,A12,23870,M,1/4/2018,2018004,Cool,35,32.11111111,0.055255085,16.88888911,0.226634274,HSP60
1,B04,23882,F,1/8/2018,2018008,Hot,38.3333,41.48148148,0.050704539,19.07407815,,HSP60
1,B05,23882,F,1/8/2018,2018008,Hot,38.3333,41.48148148,0.050704539,19.07407815,0.12917616,HSP60
1,B06,23882,F,1/8/2018,2018008,Hot,38.3333,41.48148148,0.050704539,19.07407815,0.18674178,HSP60
1,B07,23871,M,1/4/2018,2018004,Cool,35,32.11111111,0.055255085,16.88888911,0.269828836,HSP60
1,B08,23871,M,1/4/2018,2018004,Cool,35,32.11111111,0.055255085,16.88888911,0.315886711,HSP60
1,B09,23871,M,1/4/2018,2018004,Cool,35,32.11111111,0.055255085,16.88888911,0.301384928,HSP60
1,B10,23826,M,1/22/2018,2018022,Hot,42.2222,43.47222222,0.030196905,19.72222222,,HSP60
1,B11,23826,M,1/22/2018,2018022,Hot,42.2222,43.47222222,0.030196905,19.72222222,,HSP60
1,B12,23826,M,1/22/2018,2018022,Hot,42.2222,43.47222222,0.030196905,19.72222222,,HSP60
1,C04,24508,F,1/16/2018,2018016,Cool,35,30,0.074074074,16.66666867,0.186025375,HSP60
1,C05,24508,F,1/16/2018,2018016,Cool,35,30,0.074074074,16.66666867,0.16679364,HSP60
1,C06,24508,F,1/16/2018,2018016,Cool,35,30,0.074074074,16.66666867,0.191129299,HSP60
1,C07,23866,F,1/3/2018,2018003,Cool,30,32.63888889,0.046872941,16.52777889,0.188337261,HSP60
1,C08,23866,F,1/3/2018,2018003,Cool,30,32.63888889,0.046872941,16.52777889,0.138222565,HSP60
1,C09,23866,F,1/3/2018,2018003,Cool,30,32.63888889,0.046872941,16.52777889,,HSP60
1,C10,23869,M,1/4/2018,2018004,Cool,35,32.11111111,0.055255085,16.88888911,0.430636557,HSP60
1,C11,23869,M,1/4/2018,2018004,Cool,35,32.11111111,0.055255085,16.88888911,0.439223168,HSP60
1,C12,23869,M,1/4/2018,2018004,Cool,35,32.11111111,0.055255085,16.88888911,0.518603032,HSP60
1,D04,23616,F,1/22/2018,2018022,Hot,42.2222,43.47222222,0.030196905,19.72222222,,HSP60
1,D05,23616,F,1/22/2018,2018022,Hot,42.2222,43.47222222,0.030196905,19.72222222,0.187426596,HSP60
1,D06,23616,F,1/22/2018,2018022,Hot,42.2222,43.47222222,0.030196905,19.72222222,0.203888671,HSP60
1,D07,90532,F,1/8/2018,2018008,Hot,38.3333,41.48148148,0.050704539,19.07407815,0.168729171,HSP60
1,D08,90532,F,1/8/2018,2018008,Hot,38.3333,41.48148148,0.050704539,19.07407815,0.148150323,HSP60
1,D09,90532,F,1/8/2018,2018008,Hot,38.3333,41.48148148,0.050704539,19.07407815,0.144303132,HSP60
1,D10,23685,F,1/8/2018,2018008,Hot,38.3333,41.48148148,0.050704539,19.07407815,,HSP60
1,D11,23685,F,1/8/2018,2018008,Hot,38.3333,41.48148148,0.050704539,19.07407815,,HSP60
1,D12,23685,F,1/8/2018,2018008,Hot,38.3333,41.48148148,0.050704539,19.07407815,,HSP60
1,E04,24507,F,1/16/2018,2018016,Cool,35,30,0.074074074,16.66666867,0.269156271,HSP60
1,E05,24507,F,1/16/2018,2018016,Cool,35,30,0.074074074,16.66666867,0.270363593,HSP60
1,E06,24507,F,1/16/2018,2018016,Cool,35,30,0.074074074,16.66666867,0.261806977,HSP60
1,E07,90591,F,1/2/2018,2018002,Cool,31.11111111,33.14814815,0.042177846,16.66666815,1.007247293,HSP60
1,E08,90591,F,1/2/2018,2018002,Cool,31.11111111,33.14814815,0.042177846,16.66666815,1.169107175,HSP60
1,E09,90591,F,1/2/2018,2018002,Cool,31.11111111,33.14814815,0.042177846,16.66666815,1.14738642,HSP60
1,E10,23868,M,1/3/2018,2018003,Cool,30,32.63888889,0.046872941,16.52777889,0.27236864,HSP60
1,E11,23868,M,1/3/2018,2018003,Cool,30,32.63888889,0.046872941,16.52777889,0.200881737,HSP60
1,E12,23868,M,1/3/2018,2018003,Cool,30,32.63888889,0.046872941,16.52777889,0.191926768,HSP60
1,F04,90583,M,1/4/2018,2018004,Cool,35,32.11111111,0.055255085,16.88888911,0.151508993,HSP60
1,F05,90583,M,1/4/2018,2018004,Cool,35,32.11111111,0.055255085,16.88888911,0.200155812,HSP60
1,F06,90583,M,1/4/2018,2018004,Cool,35,32.11111111,0.055255085,16.88888911,0.184458019,HSP60
1,F07,23850,F,12/30/2017,2017364,Hot,31.6667,37.22222222,0.068396652,15.74074222,0.435798002,HSP60
1,F08,23850,F,12/30/2017,2017364,Hot,31.6667,37.22222222,0.068396652,15.74074222,0.278118923,HSP60
1,F09,23850,F,12/30/2017,2017364,Hot,31.6667,37.22222222,0.068396652,15.74074222,,HSP60
1,F10,23625,M,12/30/2017,2017364,Hot,31.6667,37.22222222,0.068396652,15.74074222,,HSP60
1,F11,23625,M,12/30/2017,2017364,Hot,31.6667,37.22222222,0.068396652,15.74074222,,HSP60
1,F12,23625,M,12/30/2017,2017364,Hot,31.6667,37.22222222,0.068396652,15.74074222,,HSP60
1,G04,18945,M,12/30/2017,2017364,Hot,31.6667,37.22222222,0.068396652,15.74074222,0.121439372,HSP60
1,G05,18945,M,12/30/2017,2017364,Hot,31.6667,37.22222222,0.068396652,15.74074222,0.175668129,HSP60
1,G06,18945,M,12/30/2017,2017364,Hot,31.6667,37.22222222,0.068396652,15.74074222,0.061931693,HSP60
1,G07,24511,M,1/16/2018,2018016,Cool,35,30,0.074074074,16.66666867,0.195511729,HSP60
1,G08,24511,M,1/16/2018,2018016,Cool,35,30,0.074074074,16.66666867,0.224796125,HSP60
1,G09,24511,M,1/16/2018,2018016,Cool,35,30,0.074074074,16.66666867,0.053299842,HSP60
1,G10,23680,M,1/3/2018,2018003,Cool,30,32.63888889,0.046872941,16.52777889,0.197953785,HSP60
1,G11,23680,M,1/3/2018,2018003,Cool,30,32.63888889,0.046872941,16.52777889,0.21719909,HSP60
1,G12,23680,M,1/3/2018,2018003,Cool,30,32.63888889,0.046872941,16.52777889,,HSP60
1,H04,24512,M,1/16/2018,2018016,Cool,35,30,0.074074074,16.66666867,,HSP60
1,H05,24512,M,1/16/2018,2018016,Cool,35,30,0.074074074,16.66666867,0.757715597,HSP60
1,H06,24512,M,1/16/2018,2018016,Cool,35,30,0.074074074,16.66666867,0.809149236,HSP60
1,H07,23886,F,1/8/2018,2018008,Hot,38.3333,41.48148148,0.050704539,19.07407815,0.185987536,HSP60
1,H08,23886,F,1/8/2018,2018008,Hot,38.3333,41.48148148,0.050704539,19.07407815,0.136799112,HSP60
1,H09,23886,F,1/8/2018,2018008,Hot,38.3333,41.48148148,0.050704539,19.07407815,0.140626465,HSP60
1,H10,28805,M,1/8/2018,2018008,Hot,38.3333,41.48148148,0.050704539,19.07407815,0.192051022,HSP60
1,H11,28805,M,1/8/2018,2018008,Hot,38.3333,41.48148148,0.050704539,19.07407815,0.159730809,HSP60
1,H12,28805,M,1/8/2018,2018008,Hot,38.3333,41.48148148,0.050704539,19.07407815,0.192114339,HSP60
2,A04,24128,F,1/3/2018,2018003,Cool,30,32.63888889,0.046872941,16.52777889,0.135340575,HSP60
2,A05,24128,F,1/3/2018,2018003,Cool,30,32.63888889,0.046872941,16.52777889,0.123419895,HSP60
2,A06,24128,F,1/3/2018,2018003,Cool,30,32.63888889,0.046872941,16.52777889,0.129039338,HSP60
2,A07,18859,M,1/4/2018,2018004,Cool,35,32.11111111,0.055255085,16.88888911,0.126967021,HSP60
2,A08,18859,M,1/4/2018,2018004,Cool,35,32.11111111,0.055255085,16.88888911,0.121784264,HSP60
2,A09,18859,M,1/4/2018,2018004,Cool,35,32.11111111,0.055255085,16.88888911,0.122171359,HSP60
2,A10,23884,F,1/8/2018,2018008,Hot,38.3333,41.48148148,0.050704539,19.07407815,0.210734429,HSP60
2,A11,23884,F,1/8/2018,2018008,Hot,38.3333,41.48148148,0.050704539,19.07407815,0.207875436,HSP60
2,A12,23884,F,1/8/2018,2018008,Hot,38.3333,41.48148148,0.050704539,19.07407815,0.209575056,HSP60
2,B04,23861,M,1/2/2018,2018002,Cool,31.11111111,33.14814815,0.042177846,16.66666815,0.096750797,HSP60
2,B05,23861,M,1/2/2018,2018002,Cool,31.11111111,33.14814815,0.042177846,16.66666815,0.09769016,HSP60
2,B06,23861,M,1/2/2018,2018002,Cool,31.11111111,33.14814815,0.042177846,16.66666815,0.107849149,HSP60
2,B07,???,M,1/8/2018,2018008,Hot,38.3333,41.48148148,0.050704539,19.07407815,0.175053843,HSP60
2,B08,???,M,1/8/2018,2018008,Hot,38.3333,41.48148148,0.050704539,19.07407815,0.169309049,HSP60
2,B09,???,M,1/8/2018,2018008,Hot,38.3333,41.48148148,0.050704539,19.07407815,,HSP60
2,C04,23893,F,1/8/2018,2018008,Hot,38.3333,41.48148148,0.050704539,19.07407815,0.147108703,HSP60
2,C05,23893,F,1/8/2018,2018008,Hot,38.3333,41.48148148,0.050704539,19.07407815,0.131050453,HSP60
2,C06,23893,F,1/8/2018,2018008,Hot,38.3333,41.48148148,0.050704539,19.07407815,0.178198993,HSP60
2,C07,24514,M,1/16/2018,2018016,Cool,35,30,0.074074074,16.66666867,0.183951166,HSP60
2,C08,24514,M,1/16/2018,2018016,Cool,35,30,0.074074074,16.66666867,0.183448148,HSP60
2,C09,24514,M,1/16/2018,2018016,Cool,35,30,0.074074074,16.66666867,0.164513323,HSP60
2,D04,24116,F,1/2/2018,2018002,Cool,31.11111111,33.14814815,0.042177846,16.66666815,,HSP60
2,D05,24116,F,1/2/2018,2018002,Cool,31.11111111,33.14814815,0.042177846,16.66666815,0.491659085,HSP60
2,D06,24116,F,1/2/2018,2018002,Cool,31.11111111,33.14814815,0.042177846,16.66666815,0.433780777,HSP60
2,D07,25430,F,1/3/2018,2018003,Cool,30,32.63888889,0.046872941,16.52777889,0.131032159,HSP60
2,D08,25430,F,1/3/2018,2018003,Cool,30,32.63888889,0.046872941,16.52777889,0.152196659,HSP60
2,D09,25430,F,1/3/2018,2018003,Cool,30,32.63888889,0.046872941,16.52777889,0.15222773,HSP60
2,E04,23888,M,1/8/2018,2018008,Hot,38.3333,41.48148148,0.050704539,19.07407815,0.086581528,HSP60
2,E05,23888,M,1/8/2018,2018008,Hot,38.3333,41.48148148,0.050704539,19.07407815,0.091703864,HSP60
2,E06,23888,M,1/8/2018,2018008,Hot,38.3333,41.48148148,0.050704539,19.07407815,0.07575959,HSP60
2,E07,23849,M,12/30/2017,2017364,Hot,31.6667,37.22222222,0.068396652,15.74074222,,HSP60
2,E08,23849,M,12/30/2017,2017364,Hot,31.6667,37.22222222,0.068396652,15.74074222,0.288211182,HSP60
2,E09,23849,M,12/30/2017,2017364,Hot,31.6667,37.22222222,0.068396652,15.74074222,0.25499531,HSP60
2,F04,23860,F,1/2/2018,2018002,Cool,31.11111111,33.14814815,0.042177846,16.66666815,0.064857497,HSP60
2,F05,23860,F,1/2/2018,2018002,Cool,31.11111111,33.14814815,0.042177846,16.66666815,0.078021654,HSP60
2,F06,23860,F,1/2/2018,2018002,Cool,31.11111111,33.14814815,0.042177846,16.66666815,0.078356137,HSP60
2,F07,23859,F,1/2/2018,2018002,Cool,31.11111111,33.14814815,0.042177846,16.66666815,,HSP60
2,F08,23859,F,1/2/2018,2018002,Cool,31.11111111,33.14814815,0.042177846,16.66666815,0.080408418,HSP60
2,F09,23859,F,1/2/2018,2018002,Cool,31.11111111,33.14814815,0.042177846,16.66666815,0.08689241,HSP60
2,G04,23865,F,1/3/2018,2018003,Cool,30,32.63888889,0.046872941,16.52777889,,HSP60
2,G05,23865,F,1/3/2018,2018003,Cool,30,32.63888889,0.046872941,16.52777889,0.090086075,HSP60
2,G06,23865,F,1/3/2018,2018003,Cool,30,32.63888889,0.046872941,16.52777889,0.081818203,HSP60
2,G07,23892,M,1/8/2018,2018008,Hot,38.3333,41.48148148,0.050704539,19.07407815,,HSP60
2,G08,23892,M,1/8/2018,2018008,Hot,38.3333,41.48148148,0.050704539,19.07407815,,HSP60
2,G09,23892,M,1/8/2018,2018008,Hot,38.3333,41.48148148,0.050704539,19.07407815,,HSP60
2,H04,24278,F,1/22/2018,2018022,Hot,42.2222,43.47222222,0.030196905,19.72222222,0.127889569,HSP60
2,H05,24278,F,1/22/2018,2018022,Hot,42.2222,43.47222222,0.030196905,19.72222222,0.119578857,HSP60
2,H06,24278,F,1/22/2018,2018022,Hot,42.2222,43.47222222,0.030196905,19.72222222,0.141631357,HSP60
2,H07,24506,F,1/16/2018,2018016,Cool,35,30,0.074074074,16.66666867,0.230860332,HSP60
2,H08,24506,F,1/16/2018,2018016,Cool,35,30,0.074074074,16.66666867,,HSP60
2,H09,24506,F,1/16/2018,2018016,Cool,35,30,0.074074074,16.66666867,,HSP60
1,A04,24281,F,1/3/2018,2018003,Cool,30,32.63888889,0.046872941,16.52777889,0.527030568,APTX
1,A05,24281,F,1/3/2018,2018003,Cool,30,32.63888889,0.046872941,16.52777889,0.446104795,APTX
1,A06,24281,F,1/3/2018,2018003,Cool,30,32.63888889,0.046872941,16.52777889,0.489820513,APTX
1,A07,23894,M,1/8/2018,2018008,Hot,38.3333,41.48148148,0.050704539,19.07407815,0.097079165,APTX
1,A08,23894,M,1/8/2018,2018008,Hot,38.3333,41.48148148,0.050704539,19.07407815,0.105994261,APTX
1,A09,23894,M,1/8/2018,2018008,Hot,38.3333,41.48148148,0.050704539,19.07407815,0.08983003,APTX
1,A10,23870,M,1/4/2018,2018004,Cool,35,32.11111111,0.055255085,16.88888911,0.225502679,APTX
1,A11,23870,M,1/4/2018,2018004,Cool,35,32.11111111,0.055255085,16.88888911,0.238759923,APTX
1,A12,23870,M,1/4/2018,2018004,Cool,35,32.11111111,0.055255085,16.88888911,0.260581476,APTX
1,B04,23882,F,1/8/2018,2018008,Hot,38.3333,41.48148148,0.050704539,19.07407815,,APTX
1,B05,23882,F,1/8/2018,2018008,Hot,38.3333,41.48148148,0.050704539,19.07407815,0.036183214,APTX
1,B06,23882,F,1/8/2018,2018008,Hot,38.3333,41.48148148,0.050704539,19.07407815,,APTX
1,B07,23871,M,1/4/2018,2018004,Cool,35,32.11111111,0.055255085,16.88888911,0.255853217,APTX
1,B08,23871,M,1/4/2018,2018004,Cool,35,32.11111111,0.055255085,16.88888911,0.374915802,APTX
1,B09,23871,M,1/4/2018,2018004,Cool,35,32.11111111,0.055255085,16.88888911,0.283143087,APTX
1,B10,23826,M,1/22/2018,2018022,Hot,42.2222,43.47222222,0.030196905,19.72222222,,APTX
1,B11,23826,M,1/22/2018,2018022,Hot,42.2222,43.47222222,0.030196905,19.72222222,,APTX
1,B12,23826,M,1/22/2018,2018022,Hot,42.2222,43.47222222,0.030196905,19.72222222,,APTX
1,C04,24508,F,1/16/2018,2018016,Cool,35,30,0.074074074,16.66666867,0.082762001,APTX
1,C05,24508,F,1/16/2018,2018016,Cool,35,30,0.074074074,16.66666867,0.11761077,APTX
1,C06,24508,F,1/16/2018,2018016,Cool,35,30,0.074074074,16.66666867,0.132987665,APTX
1,C07,23866,F,1/3/2018,2018003,Cool,30,32.63888889,0.046872941,16.52777889,,APTX
1,C08,23866,F,1/3/2018,2018003,Cool,30,32.63888889,0.046872941,16.52777889,0.092618589,APTX
1,C09,23866,F,1/3/2018,2018003,Cool,30,32.63888889,0.046872941,16.52777889,0.137417489,APTX
1,C10,23869,M,1/4/2018,2018004,Cool,35,32.11111111,0.055255085,16.88888911,0.568944912,APTX
1,C11,23869,M,1/4/2018,2018004,Cool,35,32.11111111,0.055255085,16.88888911,0.365803496,APTX
1,C12,23869,M,1/4/2018,2018004,Cool,35,32.11111111,0.055255085,16.88888911,0.538501114,APTX
1,D04,23616,F,1/22/2018,2018022,Hot,42.2222,43.47222222,0.030196905,19.72222222,,APTX
1,D05,23616,F,1/22/2018,2018022,Hot,42.2222,43.47222222,0.030196905,19.72222222,0.099511035,APTX
1,D06,23616,F,1/22/2018,2018022,Hot,42.2222,43.47222222,0.030196905,19.72222222,0.077878261,APTX
1,D07,90532,F,1/8/2018,2018008,Hot,38.3333,41.48148148,0.050704539,19.07407815,0.082256821,APTX
1,D08,90532,F,1/8/2018,2018008,Hot,38.3333,41.48148148,0.050704539,19.07407815,0.069446295,APTX
1,D09,90532,F,1/8/2018,2018008,Hot,38.3333,41.48148148,0.050704539,19.07407815,0.058983554,APTX
1,D10,23685,F,1/8/2018,2018008,Hot,38.3333,41.48148148,0.050704539,19.07407815,0.081035376,APTX
1,D11,23685,F,1/8/2018,2018008,Hot,38.3333,41.48148148,0.050704539,19.07407815,,APTX
1,D12,23685,F,1/8/2018,2018008,Hot,38.3333,41.48148148,0.050704539,19.07407815,0.049375465,APTX
1,E04,24507,F,1/16/2018,2018016,Cool,35,30,0.074074074,16.66666867,0.142925977,APTX
1,E05,24507,F,1/16/2018,2018016,Cool,35,30,0.074074074,16.66666867,0.139864818,APTX
1,E06,24507,F,1/16/2018,2018016,Cool,35,30,0.074074074,16.66666867,0.103370951,APTX
1,E07,90591,F,1/2/2018,2018002,Cool,31.11111111,33.14814815,0.042177846,16.66666815,2.676255419,APTX
1,E08,90591,F,1/2/2018,2018002,Cool,31.11111111,33.14814815,0.042177846,16.66666815,3.174475345,APTX
1,E09,90591,F,1/2/2018,2018002,Cool,31.11111111,33.14814815,0.042177846,16.66666815,2.817922063,APTX
1,E10,23868,M,1/3/2018,2018003,Cool,30,32.63888889,0.046872941,16.52777889,0.27490623,APTX
1,E11,23868,M,1/3/2018,2018003,Cool,30,32.63888889,0.046872941,16.52777889,0.400706311,APTX
1,E12,23868,M,1/3/2018,2018003,Cool,30,32.63888889,0.046872941,16.52777889,0.354216525,APTX
1,F04,90583,M,1/4/2018,2018004,Cool,35,32.11111111,0.055255085,16.88888911,0.2805324,APTX
1,F05,90583,M,1/4/2018,2018004,Cool,35,32.11111111,0.055255085,16.88888911,0.26923132,APTX
1,F06,90583,M,1/4/2018,2018004,Cool,35,32.11111111,0.055255085,16.88888911,0.220084129,APTX
1,F07,23850,F,12/30/2017,2017364,Hot,31.6667,37.22222222,0.068396652,15.74074222,0.265913884,APTX
1,F08,23850,F,12/30/2017,2017364,Hot,31.6667,37.22222222,0.068396652,15.74074222,0.222482669,APTX
1,F09,23850,F,12/30/2017,2017364,Hot,31.6667,37.22222222,0.068396652,15.74074222,,APTX
1,F10,23625,M,12/30/2017,2017364,Hot,31.6667,37.22222222,0.068396652,15.74074222,,APTX
1,F11,23625,M,12/30/2017,2017364,Hot,31.6667,37.22222222,0.068396652,15.74074222,,APTX
1,F12,23625,M,12/30/2017,2017364,Hot,31.6667,37.22222222,0.068396652,15.74074222,,APTX
1,G04,18945,M,12/30/2017,2017364,Hot,31.6667,37.22222222,0.068396652,15.74074222,0.094602244,APTX
1,G05,18945,M,12/30/2017,2017364,Hot,31.6667,37.22222222,0.068396652,15.74074222,0.105271813,APTX
1,G06,18945,M,12/30/2017,2017364,Hot,31.6667,37.22222222,0.068396652,15.74074222,0.082982968,APTX
1,G07,24511,M,1/16/2018,2018016,Cool,35,30,0.074074074,16.66666867,0.376860507,APTX
1,G08,24511,M,1/16/2018,2018016,Cool,35,30,0.074074074,16.66666867,0.380121237,APTX
1,G09,24511,M,1/16/2018,2018016,Cool,35,30,0.074074074,16.66666867,0.281103538,APTX
1,G10,23680,M,1/3/2018,2018003,Cool,30,32.63888889,0.046872941,16.52777889,0.309113288,APTX
1,G11,23680,M,1/3/2018,2018003,Cool,30,32.63888889,0.046872941,16.52777889,0.328275854,APTX
1,G12,23680,M,1/3/2018,2018003,Cool,30,32.63888889,0.046872941,16.52777889,0.358344228,APTX
1,H04,24512,M,1/16/2018,2018016,Cool,35,30,0.074074074,16.66666867,,APTX
1,H05,24512,M,1/16/2018,2018016,Cool,35,30,0.074074074,16.66666867,2.87888959,APTX
1,H06,24512,M,1/16/2018,2018016,Cool,35,30,0.074074074,16.66666867,2.626755134,APTX
1,H07,23886,F,1/8/2018,2018008,Hot,38.3333,41.48148148,0.050704539,19.07407815,0.048685305,APTX
1,H08,23886,F,1/8/2018,2018008,Hot,38.3333,41.48148148,0.050704539,19.07407815,0.05369306,APTX
1,H09,23886,F,1/8/2018,2018008,Hot,38.3333,41.48148148,0.050704539,19.07407815,0.035366215,APTX
1,H10,28805,M,1/8/2018,2018008,Hot,38.3333,41.48148148,0.050704539,19.07407815,0.129285794,APTX
1,H11,28805,M,1/8/2018,2018008,Hot,38.3333,41.48148148,0.050704539,19.07407815,0.133564233,APTX
1,H12,28805,M,1/8/2018,2018008,Hot,38.3333,41.48148148,0.050704539,19.07407815,0.110147041,APTX
2,A04,24128,F,1/3/2018,2018003,Cool,30,32.63888889,0.046872941,16.52777889,0.045481704,APTX
2,A05,24128,F,1/3/2018,2018003,Cool,30,32.63888889,0.046872941,16.52777889,0.056345482,APTX
2,A06,24128,F,1/3/2018,2018003,Cool,30,32.63888889,0.046872941,16.52777889,0.037778499,APTX
2,A07,18859,M,1/4/2018,2018004,Cool,35,32.11111111,0.055255085,16.88888911,0.17413594,APTX
2,A08,18859,M,1/4/2018,2018004,Cool,35,32.11111111,0.055255085,16.88888911,0.170103695,APTX
2,A09,18859,M,1/4/2018,2018004,Cool,35,32.11111111,0.055255085,16.88888911,0.16552826,APTX
2,A10,23884,F,1/8/2018,2018008,Hot,38.3333,41.48148148,0.050704539,19.07407815,0.096037669,APTX
2,A11,23884,F,1/8/2018,2018008,Hot,38.3333,41.48148148,0.050704539,19.07407815,0.083319167,APTX
2,A12,23884,F,1/8/2018,2018008,Hot,38.3333,41.48148148,0.050704539,19.07407815,0.088645818,APTX
2,B04,23861,M,1/2/2018,2018002,Cool,31.11111111,33.14814815,0.042177846,16.66666815,0.137339025,APTX
2,B05,23861,M,1/2/2018,2018002,Cool,31.11111111,33.14814815,0.042177846,16.66666815,0.146948005,APTX
2,B06,23861,M,1/2/2018,2018002,Cool,31.11111111,33.14814815,0.042177846,16.66666815,0.136281692,APTX
2,B07,???,M,1/8/2018,2018008,Hot,38.3333,41.48148148,0.050704539,19.07407815,0.176312779,APTX
2,B08,???,M,1/8/2018,2018008,Hot,38.3333,41.48148148,0.050704539,19.07407815,0.152583817,APTX
2,B09,???,M,1/8/2018,2018008,Hot,38.3333,41.48148148,0.050704539,19.07407815,0.164679286,APTX
2,C04,23893,F,1/8/2018,2018008,Hot,38.3333,41.48148148,0.050704539,19.07407815,0.051581603,APTX
2,C05,23893,F,1/8/2018,2018008,Hot,38.3333,41.48148148,0.050704539,19.07407815,,APTX
2,C06,23893,F,1/8/2018,2018008,Hot,38.3333,41.48148148,0.050704539,19.07407815,0.079150214,APTX
2,C07,24514,M,1/16/2018,2018016,Cool,35,30,0.074074074,16.66666867,0.137099793,APTX
2,C08,24514,M,1/16/2018,2018016,Cool,35,30,0.074074074,16.66666867,0.151794769,APTX
2,C09,24514,M,1/16/2018,2018016,Cool,35,30,0.074074074,16.66666867,0.163831566,APTX
2,D04,24116,F,1/2/2018,2018002,Cool,31.11111111,33.14814815,0.042177846,16.66666815,,APTX
2,D05,24116,F,1/2/2018,2018002,Cool,31.11111111,33.14814815,0.042177846,16.66666815,1.308497312,APTX
2,D06,24116,F,1/2/2018,2018002,Cool,31.11111111,33.14814815,0.042177846,16.66666815,0.963712828,APTX
2,D07,25430,F,1/3/2018,2018003,Cool,30,32.63888889,0.046872941,16.52777889,0.087125342,APTX
2,D08,25430,F,1/3/2018,2018003,Cool,30,32.63888889,0.046872941,16.52777889,0.067614472,APTX
2,D09,25430,F,1/3/2018,2018003,Cool,30,32.63888889,0.046872941,16.52777889,0.07834183,APTX
2,E04,23888,M,1/8/2018,2018008,Hot,38.3333,41.48148148,0.050704539,19.07407815,0.081446294,APTX
2,E05,23888,M,1/8/2018,2018008,Hot,38.3333,41.48148148,0.050704539,19.07407815,0.082761922,APTX
2,E06,23888,M,1/8/2018,2018008,Hot,38.3333,41.48148148,0.050704539,19.07407815,0.071052302,APTX
2,E07,23849,M,12/30/2017,2017364,Hot,31.6667,37.22222222,0.068396652,15.74074222,0.13532098,APTX
2,E08,23849,M,12/30/2017,2017364,Hot,31.6667,37.22222222,0.068396652,15.74074222,0.110164095,APTX
2,E09,23849,M,12/30/2017,2017364,Hot,31.6667,37.22222222,0.068396652,15.74074222,0.137469803,APTX
2,F04,23860,F,1/2/2018,2018002,Cool,31.11111111,33.14814815,0.042177846,16.66666815,0.052930417,APTX
2,F05,23860,F,1/2/2018,2018002,Cool,31.11111111,33.14814815,0.042177846,16.66666815,0.052648469,APTX
2,F06,23860,F,1/2/2018,2018002,Cool,31.11111111,33.14814815,0.042177846,16.66666815,0.048925209,APTX
2,F07,23859,F,1/2/2018,2018002,Cool,31.11111111,33.14814815,0.042177846,16.66666815,,APTX
2,F08,23859,F,1/2/2018,2018002,Cool,31.11111111,33.14814815,0.042177846,16.66666815,,APTX
2,F09,23859,F,1/2/2018,2018002,Cool,31.11111111,33.14814815,0.042177846,16.66666815,0.084609532,APTX
2,G04,23865,F,1/3/2018,2018003,Cool,30,32.63888889,0.046872941,16.52777889,,APTX
2,G05,23865,F,1/3/2018,2018003,Cool,30,32.63888889,0.046872941,16.52777889,0.039091341,APTX
2,G06,23865,F,1/3/2018,2018003,Cool,30,32.63888889,0.046872941,16.52777889,0.01781484,APTX
2,G07,23892,M,1/8/2018,2018008,Hot,38.3333,41.48148148,0.050704539,19.07407815,,APTX
2,G08,23892,M,1/8/2018,2018008,Hot,38.3333,41.48148148,0.050704539,19.07407815,,APTX
2,G09,23892,M,1/8/2018,2018008,Hot,38.3333,41.48148148,0.050704539,19.07407815,,APTX
2,H04,24278,F,1/22/2018,2018022,Hot,42.2222,43.47222222,0.030196905,19.72222222,0.058681678,APTX
2,H05,24278,F,1/22/2018,2018022,Hot,42.2222,43.47222222,0.030196905,19.72222222,0.057190555,APTX
2,H06,24278,F,1/22/2018,2018022,Hot,42.2222,43.47222222,0.030196905,19.72222222,0.07854268,APTX
2,H07,24506,F,1/16/2018,2018016,Cool,35,30,0.074074074,16.66666867,0.072768248,APTX
2,H08,24506,F,1/16/2018,2018016,Cool,35,30,0.074074074,16.66666867,,APTX
2,H09,24506,F,1/16/2018,2018016,Cool,35,30,0.074074074,16.66666867,,APTX
