Plate,Well,Fluor,Target,Content,Sample,BirdID,Sex,DateOfSampling,JulianDate,Cq,Cq Mean,Cq_Diff,Cq Std. Dev,CqMin,CqMax,SQ Std. Dev,Starting Quantity (SQ),Dilution Factor,Copy_Number
1,A04,Cy5,HSP60,Unkn-01,Cool,24281,F,1/3/2018,,35.64983658,35.98696635,0.337129763,0.291966249,35.6950001,36.2789326,1.527032944,8.85858863,5,44.29294315
1,A05,Cy5,HSP60,Unkn-01,Cool,24281,F,1/3/2018,,36.15414098,35.98696635,0.167174632,0.291966249,35.6950001,36.2789326,1.527032944,6.219768815,5,31.09884408
1,A06,Cy5,HSP60,Unkn-01,Cool,24281,F,1/3/2018,,36.15692148,35.98696635,0.169955131,0.291966249,35.6950001,36.2789326,1.527032944,6.207652784,5,31.03826392
1,A07,Cy5,HSP60,Unkn-09,Hot,23894,M,1/8/2018,,32.13663093,32.10476239,0.03186854,0.222167711,31.88259468,32.3269301,16.93576182,104.073914,5,520.3695701
1,A08,Cy5,HSP60,Unkn-09,Hot,23894,M,1/8/2018,,32.30927492,32.10476239,0.204512524,0.222167711,31.88259468,32.3269301,16.93576182,92.20652609,5,461.0326305
1,A09,Cy5,HSP60,Unkn-09,Hot,23894,M,1/8/2018,,31.86838133,32.10476239,0.236381064,0.222167711,31.88259468,32.3269301,16.93576182,125.614461,5,628.0723048
1,A10,Cy5,HSP60,Unkn-17,Cool,23870,M,1/4/2018,,33.92516467,34.00021551,0.075050835,0.07111562,33.92909989,34.07133113,1.411848767,29.69124258,5,148.4562129
1,A11,Cy5,HSP60,Unkn-17,Cool,23870,M,1/4/2018,,34.00887987,34.00021551,0.008664363,0.07111562,33.92909989,34.07133113,1.411848767,27.99833342,5,139.9916671
1,A12,Cy5,HSP60,Unkn-17,Cool,23870,M,1/4/2018,,34.06660198,34.00021551,0.066386472,0.07111562,33.92909989,34.07133113,1.411848767,26.88762302,5,134.4381151
1,B04,Cy5,HSP60,Unkn-02,Hot,23882,F,1/8/2018,,36.32334249,36.11765153,0.205690961,0.348672451,35.76897908,36.46632398,1.686817858,5.52385729,5,27.61928645
1,B05,Cy5,HSP60,Unkn-02,Hot,23882,F,1/8/2018,,36.31454076,36.11765153,0.196889235,0.348672451,35.76897908,36.46632398,1.686817858,5.558058227,5,27.79029113
1,B06,Cy5,HSP60,Unkn-02,Hot,23882,F,1/8/2018,,35.71507133,36.11765153,0.402580196,0.348672451,35.76897908,36.46632398,1.686817858,8.462461854,5,42.31230927
1,B07,Cy5,HSP60,Unkn-10,Cool,23871,M,1/4/2018,,35.9813461,36.12134171,0.139995609,0.162824973,35.95851674,36.28416668,0.714594761,7.021023494,5,35.10511747
1,B08,Cy5,HSP60,Unkn-10,Cool,23871,M,1/4/2018,,36.08265237,36.12134171,0.038689334,0.162824973,35.95851674,36.28416668,0.714594761,6.539532745,5,32.69766373
1,B09,Cy5,HSP60,Unkn-10,Cool,23871,M,1/4/2018,,36.30002665,36.12134171,0.178684943,0.162824973,35.95851674,36.28416668,0.714594761,5.614918943,5,28.07459471
1,C04,Cy5,HSP60,Unkn-03,Cool,24508,F,1/16/2018,,33.53761772,33.48210775,0.055509976,0.073647362,33.40846039,33.55575511,2.119615916,38.96360831,5,194.8180415
1,C05,Cy5,HSP60,Unkn-03,Cool,24508,F,1/16/2018,,33.51014627,33.48210775,0.028038524,0.073647362,33.40846039,33.55575511,2.119615916,39.72151814,5,198.6075907
1,C06,Cy5,HSP60,Unkn-03,Cool,24508,F,1/16/2018,,33.39855925,33.48210775,0.083548499,0.073647362,33.40846039,33.55575511,2.119615916,42.95469478,5,214.7734739
1,C07,Cy5,HSP60,Unkn-11,Cool,23866,F,1/3/2018,,37.8339447,38.2706917,0.436747008,1.487120407,36.7835713,39.75781211,0.832533847,1.915029209,5,9.575146044
1,C08,Cy5,HSP60,Unkn-11,Cool,23866,F,1/3/2018,,38.70743871,38.2706917,0.436747008,1.487120407,36.7835713,39.75781211,0.832533847,1.037875353,5,5.189376763
1,C10,Cy5,HSP60,Unkn-19,Cool,23869,M,1/4/2018,,35.72862962,35.58220913,0.146420483,0.180726653,35.40148248,35.76293579,1.211995806,8.382381641,5,41.91190821
1,C11,Cy5,HSP60,Unkn-19,Cool,23869,M,1/4/2018,,35.38022427,35.58220913,0.201984868,0.180726653,35.40148248,35.76293579,1.211995806,10.70230471,5,53.51152353
1,C12,Cy5,HSP60,Unkn-19,Cool,23869,M,1/4/2018,,35.63777352,35.58220913,0.055564385,0.180726653,35.40148248,35.76293579,1.211995806,8.93384566,5,44.6692283
1,D05,Cy5,HSP60,Unkn-04,Hot,23616,F,1/22/2018,,33.73857179,33.75401976,0.015447977,1.024285689,32.72973407,34.77830545,47.73027268,33.84206538,5,169.2103269
1,D06,Cy5,HSP60,Unkn-04,Hot,23616,F,1/22/2018,,33.76946774,33.75401976,0.015447977,1.024285689,32.72973407,34.77830545,47.73027268,33.11671332,5,165.5835666
1,D07,Cy5,HSP60,Unkn-12,Hot,90532,F,1/8/2018,,31.31906324,31.71307395,0.394010709,0.341819951,31.371254,32.0548939,36.20587414,184.6457184,5,923.228592
1,D08,Cy5,HSP60,Unkn-12,Hot,90532,F,1/8/2018,,31.93026717,31.71307395,0.217193216,0.341819951,31.371254,32.0548939,36.20587414,120.2795425,5,601.3977123
1,D09,Cy5,HSP60,Unkn-12,Hot,90532,F,1/8/2018,,31.88989145,31.71307395,0.176817493,0.341819951,31.371254,32.0548939,36.20587414,123.7338554,5,618.6692772
1,E04,Cy5,HSP60,Unkn-05,Cool,24507,F,1/16/2018,,33.31154201,33.43020022,0.118658212,0.111375413,33.31882481,33.54157563,3.31306091,45.65753862,5,228.2876931
1,E05,Cy5,HSP60,Unkn-05,Cool,24507,F,1/16/2018,,33.53247876,33.43020022,0.102278543,0.111375413,33.31882481,33.54157563,3.31306091,39.10427908,5,195.5213954
1,E06,Cy5,HSP60,Unkn-05,Cool,24507,F,1/16/2018,,33.44657989,33.43020022,0.016379669,0.111375413,33.31882481,33.54157563,3.31306091,41.53225706,5,207.6612853
1,E07,Cy5,HSP60,Unkn-13,Cool,90591,F,1/2/2018,,33.12194696,33.17829941,0.056352452,0.065234889,33.11306452,33.2435343,2.276973223,52.15012059,5,260.7506029
1,E08,Cy5,HSP60,Unkn-13,Cool,90591,F,1/2/2018,,33.16318717,33.17829941,0.015112243,0.065234889,33.11306452,33.2435343,2.276973223,50.66350741,5,253.317537
1,E09,Cy5,HSP60,Unkn-13,Cool,90591,F,1/2/2018,,33.24976411,33.17829941,0.071464695,0.065234889,33.11306452,33.2435343,2.276973223,47.67903891,5,238.3951946
1,E10,Cy5,HSP60,Unkn-21,Cool,23868,M,1/3/2018,,35.57940703,35.90274687,0.323339847,0.282233022,35.62051385,36.1849799,1.556740634,9.30710189,5,46.53550945
1,E11,Cy5,HSP60,Unkn-21,Cool,23868,M,1/3/2018,,36.09968699,35.90274687,0.196940114,0.282233022,35.62051385,36.1849799,1.556740634,6.461876879,5,32.3093844
1,E12,Cy5,HSP60,Unkn-21,Cool,23868,M,1/3/2018,,36.02914661,35.90274687,0.126399733,0.282233022,35.62051385,36.1849799,1.556740634,6.789571494,5,33.94785747
1,F04,Cy5,HSP60,Unkn-06,Cool,90583,M,1/4/2018,,34.59754817,34.34629343,0.251254742,0.218102517,34.12819091,34.56439594,3.246761364,18.52883562,5,92.64417809
1,F05,Cy5,HSP60,Unkn-06,Cool,90583,M,1/4/2018,,34.23556568,34.34629343,0.110727747,0.218102517,34.12819091,34.56439594,3.246761364,23.88322914,5,119.4161457
1,F06,Cy5,HSP60,Unkn-06,Cool,90583,M,1/4/2018,,34.20576643,34.34629343,0.140526995,0.218102517,34.12819091,34.56439594,3.246761364,24.38757769,5,121.9378884
1,F07,Cy5,HSP60,Unkn-14,Hot,23850,F,12/30/2017,,37.18478434,37.27282361,0.088039273,0.660796118,36.61202749,37.93361973,0.919071072,3.019137122,5,15.09568561
1,F08,Cy5,HSP60,Unkn-14,Hot,23850,F,12/30/2017,,37.36086288,37.27282361,0.088039273,0.660796118,36.61202749,37.93361973,0.919071072,2.668434732,5,13.34217366
1,F10,Cy5,HSP60,Unkn-22,Hot,23625,M,12/30/2017,,41.55615341,41.59391655,0.037763136,0.053405139,41.54051141,41.64732168,0.005135276,0.140781098,5,0.703905489
1,F11,Cy5,HSP60,Unkn-22,Hot,23625,M,12/30/2017,,41.63167968,41.59391655,0.037763136,0.053405139,41.54051141,41.64732168,0.005135276,0.133518721,5,0.667593606
1,G04,Cy5,HSP60,Unkn-07,Hot,18945,M,12/30/2017,,33.19338541,33.12097907,0.07240634,0.287451176,32.83352789,33.40843024,10.97909134,49.60187763,5,248.0093881
1,G05,Cy5,HSP60,Unkn-07,Hot,18945,M,12/30/2017,,33.36530427,33.12097907,0.244325207,0.287451176,32.83352789,33.40843024,10.97909134,43.96820436,5,219.8410218
1,G06,Cy5,HSP60,Unkn-07,Hot,18945,M,12/30/2017,,32.80424752,33.12097907,0.316731547,0.287451176,32.83352789,33.40843024,10.97909134,65.16485694,5,325.8242847
1,G07,Cy5,HSP60,Unkn-15,Cool,24511,M,1/16/2018,,33.93677537,34.20160731,0.264831938,0.253572453,33.94803486,34.45517976,4.43285616,29.45047023,5,147.2523512
1,G08,Cy5,HSP60,Unkn-15,Cool,24511,M,1/16/2018,,34.22587051,34.20160731,0.024263197,0.253572453,33.94803486,34.45517976,4.43285616,24.04616342,5,120.2308171
1,G09,Cy5,HSP60,Unkn-15,Cool,24511,M,1/16/2018,,34.44217605,34.20160731,0.240568742,0.253572453,33.94803486,34.45517976,4.43285616,20.66179548,5,103.3089774
1,G10,Cy5,HSP60,Unkn-23,Cool,23680,M,1/3/2018,,36.46592245,36.84107611,0.375153659,0.331885033,36.50919107,37.17296114,0.952316249,4.998255852,5,24.99127926
1,G11,Cy5,HSP60,Unkn-23,Cool,23680,M,1/3/2018,,36.96088514,36.84107611,0.119809034,0.331885033,36.50919107,37.17296114,0.952316249,3.53242775,5,17.66213875
1,G12,Cy5,HSP60,Unkn-23,Cool,23680,M,1/3/2018,,37.09642073,36.84107611,0.255344625,0.331885033,36.50919107,37.17296114,0.952316249,3.21214206,5,16.0607103
1,H05,Cy5,HSP60,Unkn-08,Cool,24512,M,1/16/2018,,30.97894505,30.84588271,0.133062343,0.764034426,30.08184828,31.60991714,92.80421988,234.3825078,5,1171.912539
1,H06,Cy5,HSP60,Unkn-08,Cool,24512,M,1/16/2018,,30.71282037,30.84588271,0.133062343,0.764034426,30.08184828,31.60991714,92.80421988,282.4722476,5,1412.361238
1,H07,Cy5,HSP60,Unkn-16,Hot,23886,F,1/8/2018,,35.07784553,35.37644588,0.298600351,0.259387873,35.11705801,35.63583376,2.063004086,13.23029068,5,66.15145339
1,H08,Cy5,HSP60,Unkn-16,Hot,23886,F,1/8/2018,,35.50548671,35.37644588,0.129040825,0.259387873,35.11705801,35.63583376,2.063004086,9.802289944,5,49.01144972
1,H09,Cy5,HSP60,Unkn-16,Hot,23886,F,1/8/2018,,35.54600541,35.37644588,0.169559526,0.259387873,35.11705801,35.63583376,2.063004086,9.527681299,5,47.63840649
1,H10,Cy5,HSP60,Unkn-24,Hot,28805,M,1/8/2018,,32.08112919,32.29933143,0.218202237,0.200145662,32.09918576,32.49947709,13.36548399,108.2045259,5,541.0226293
1,H11,Cy5,HSP60,Unkn-24,Hot,28805,M,1/8/2018,,32.47438043,32.29933143,0.175049008,0.200145662,32.09918576,32.49947709,13.36548399,82.12536972,5,410.6268486
1,H12,Cy5,HSP60,Unkn-24,Hot,28805,M,1/8/2018,,32.34248466,32.29933143,0.043153229,0.200145662,32.09918576,32.49947709,13.36548399,90.08393424,5,450.4196712
1,A04,FAM,APTX,Unkn-01,Cool,24281,F,1/3/2018,,35.56506768,35.96355653,0.398488847,0.34557848,35.61797805,36.30913501,2.025357412,10.28083634,5,51.40418168
1,A05,FAM,APTX,Unkn-01,Cool,24281,F,1/3/2018,,36.18095212,35.96355653,0.21739559,0.34557848,35.61797805,36.30913501,2.025357412,6.690168498,5,33.45084249
1,A06,FAM,APTX,Unkn-01,Cool,24281,F,1/3/2018,,36.14464978,35.96355653,0.181093257,0.34557848,35.61797805,36.30913501,2.025357412,6.861757887,5,34.30878944
1,A07,FAM,APTX,Unkn-09,Hot,23894,M,1/8/2018,,32.77696334,32.71672711,0.060236231,0.058070039,32.65865707,32.77479715,3.031390659,71.899571,5,359.497855
1,A08,FAM,APTX,Unkn-09,Hot,23894,M,1/8/2018,,32.66109769,32.71672711,0.055629423,0.058070039,32.65865707,32.77479715,3.031390659,77.95240698,5,389.7620349
1,A09,FAM,APTX,Unkn-09,Hot,23894,M,1/8/2018,,32.7121203,32.71672711,0.004606809,0.058070039,32.65865707,32.77479715,3.031390659,75.22660573,5,376.1330286
1,A10,FAM,APTX,Unkn-17,Cool,23870,M,1/4/2018,,34.25956378,34.1432804,0.116283382,0.14071348,34.00256692,34.28399388,2.778480216,25.55938222,5,127.7969111
1,A11,FAM,APTX,Unkn-17,Cool,23870,M,1/4/2018,,34.18341848,34.1432804,0.040138088,0.14071348,34.00256692,34.28399388,2.778480216,26.9537817,5,134.7689085
1,A12,FAM,APTX,Unkn-17,Cool,23870,M,1/4/2018,,33.98685893,34.1432804,0.156421469,0.14071348,34.00256692,34.28399388,2.778480216,30.91507898,5,154.5753949
1,B04,FAM,APTX,Unkn-02,Hot,23882,F,1/8/2018,,39.17634693,38.7236371,0.45270983,0.933661114,37.78997599,39.65729821,1.130031716,0.827822938,5,4.139114689
1,B05,FAM,APTX,Unkn-02,Hot,23882,F,1/8/2018,,38.27092727,38.7236371,0.45270983,0.933661114,37.78997599,39.65729821,1.130031716,1.556853926,5,7.784269628
1,B07,FAM,APTX,Unkn-10,Cool,23871,M,1/4/2018,,36.18799619,36.22587611,0.03787992,0.278736826,35.94713929,36.50461294,1.245837291,6.657373879,5,33.2868694
1,B08,FAM,APTX,Unkn-10,Cool,23871,M,1/4/2018,,35.96801641,36.22587611,0.2578597,0.278736826,35.94713929,36.50461294,1.245837291,7.761561584,5,38.80780792
1,B09,FAM,APTX,Unkn-10,Cool,23871,M,1/4/2018,,36.52161573,36.22587611,0.295739621,0.278736826,35.94713929,36.50461294,1.245837291,5.275066325,5,26.37533163
1,C04,FAM,APTX,Unkn-03,Cool,24508,F,1/16/2018,,34.81617073,34.32661765,0.489553082,0.426512413,33.90010524,34.75313006,6.770582282,17.33476511,5,86.67382555
1,C05,FAM,APTX,Unkn-03,Cool,24508,F,1/16/2018,,34.12838328,34.32661765,0.198234375,0.426512413,33.90010524,34.75313006,6.770582282,28.00873178,5,140.0436589
1,C06,FAM,APTX,Unkn-03,Cool,24508,F,1/16/2018,,34.03529894,34.32661765,0.291318708,0.426512413,33.90010524,34.75313006,6.770582282,29.88785404,5,149.4392702
1,C08,FAM,APTX,Unkn-11,Cool,23866,F,1/3/2018,,39.42612185,39.11849549,0.307626365,0.814766028,38.30372946,39.93326152,0.752564238,0.695447599,5,3.477237995
1,C09,FAM,APTX,Unkn-11,Cool,23866,F,1/3/2018,,38.81086912,39.11849549,0.307626365,0.814766028,38.30372946,39.93326152,0.752564238,1.06822913,5,5.34114565
1,C10,FAM,APTX,Unkn-19,Cool,23869,M,1/4/2018,,35.45846027,35.64684685,0.188386579,0.165641245,35.4812056,35.81248809,1.157261877,11.07456696,5,55.37283482
1,C11,FAM,APTX,Unkn-19,Cool,23869,M,1/4/2018,,35.76967394,35.64684685,0.122827092,0.165641245,35.4812056,35.81248809,1.157261877,8.913328723,5,44.56664361
1,C12,FAM,APTX,Unkn-19,Cool,23869,M,1/4/2018,,35.71240633,35.64684685,0.065559487,0.165641245,35.4812056,35.81248809,1.157261877,9.276624971,5,46.38312486
1,D05,FAM,APTX,Unkn-04,Hot,23616,F,1/22/2018,,34.76474918,35.01630718,0.251557999,1.146361499,33.86994568,36.16266868,24.92511992,17.96788205,5,89.83941025
1,D06,FAM,APTX,Unkn-04,Hot,23616,F,1/22/2018,,35.26786518,35.01630718,0.251557999,1.146361499,33.86994568,36.16266868,24.92511992,12.64941327,5,63.24706636
1,D07,FAM,APTX,Unkn-12,Hot,90532,F,1/8/2018,,32.45483137,32.95385503,0.499023657,0.439129778,32.51472525,33.39298481,21.29370828,90.01626561,5,450.0813281
1,D08,FAM,APTX,Unkn-12,Hot,90532,F,1/8/2018,,33.12547909,32.95385503,0.171624059,0.439129778,32.51472525,33.39298481,21.29370828,56.38171075,5,281.9085537
1,D09,FAM,APTX,Unkn-12,Hot,90532,F,1/8/2018,,33.28125463,32.95385503,0.327399598,0.439129778,32.51472525,33.39298481,21.29370828,50.575912,5,252.87956
1,D10,FAM,APTX,Unkn-20,Hot,23685,F,1/8/2018,,38.75673437,39.05478117,0.298046795,0.736993831,38.31778734,39.791775,0.355361302,1.109341725,5,5.546708627
1,D12,FAM,APTX,Unkn-20,Hot,23685,F,1/8/2018,,39.35282796,39.05478117,0.298046795,0.736993831,38.31778734,39.791775,0.355361302,0.731930579,5,3.659652895
1,E04,FAM,APTX,Unkn-05,Cool,24507,F,1/16/2018,,34.33525304,34.60860803,0.273354993,0.280512284,34.32809575,34.88912031,3.923550828,24.24483101,5,121.224155
1,E05,FAM,APTX,Unkn-05,Cool,24507,F,1/16/2018,,34.59480321,34.60860803,0.013804818,0.280512284,34.32809575,34.88912031,3.923550828,20.22947253,5,101.1473626
1,E06,FAM,APTX,Unkn-05,Cool,24507,F,1/16/2018,,34.89576784,34.60860803,0.287159811,0.280512284,34.32809575,34.88912031,3.923550828,16.3984511,5,81.99225549
1,E07,FAM,APTX,Unkn-13,Cool,90591,F,1/2/2018,,31.83652294,31.9203983,0.083875367,0.136416273,31.78398203,32.05681458,12.11579687,138.5628373,5,692.8141867
1,E08,FAM,APTX,Unkn-13,Cool,90591,F,1/2/2018,,31.84686698,31.9203983,0.073531323,0.136416273,31.78398203,32.05681458,12.11579687,137.5665625,5,687.8328123
1,E09,FAM,APTX,Unkn-13,Cool,90591,F,1/2/2018,,32.07780499,31.9203983,0.15740669,0.136416273,31.78398203,32.05681458,12.11579687,117.0972685,5,585.4863426
1,E10,FAM,APTX,Unkn-21,Cool,23868,M,1/3/2018,,35.69441102,35.40555896,0.288852065,0.250971336,35.15458762,35.65653029,1.923129809,9.393813818,5,46.96906909
1,E11,FAM,APTX,Unkn-21,Cool,23868,M,1/3/2018,,35.24088508,35.40555896,0.164673873,0.250971336,35.15458762,35.65653029,1.923129809,12.88974736,5,64.44873682
1,E12,FAM,APTX,Unkn-21,Cool,23868,M,1/3/2018,,35.28138076,35.40555896,0.124178192,0.250971336,35.15458762,35.65653029,1.923129809,12.53070869,5,62.65354345
1,F04,FAM,APTX,Unkn-06,Cool,90583,M,1/4/2018,,33.83759286,33.94769935,0.110106489,0.118854725,33.82884463,34.06655408,2.616414697,34.30779007,5,171.5389504
1,F05,FAM,APTX,Unkn-06,Cool,90583,M,1/4/2018,,33.93180285,33.94769935,0.015896503,0.118854725,33.82884463,34.06655408,2.616414697,32.1255389,5,160.6276945
1,F06,FAM,APTX,Unkn-06,Cool,90583,M,1/4/2018,,34.07370234,33.94769935,0.126002991,0.118854725,33.82884463,34.06655408,2.616414697,29.09777963,5,145.4888982
1,F07,FAM,APTX,Unkn-14,Hot,23850,F,12/30/2017,,38.02967576,37.92408001,0.105595743,0.732859474,37.19122054,38.65693949,0.687084367,1.842207797,5,9.211038985
1,F08,FAM,APTX,Unkn-14,Hot,23850,F,12/30/2017,,37.81848427,37.92408001,0.105595743,0.732859474,37.19122054,38.65693949,0.687084367,2.134628146,5,10.67314073
1,F11,FAM,APTX,Unkn-22,Hot,23625,M,12/30/2017,,40.25769095,40.45379967,0.19610872,1.031909329,39.42189034,41.48570899,0.471204554,0.389339203,5,1.946696013
1,F12,FAM,APTX,Unkn-22,Hot,23625,M,12/30/2017,,40.64990839,40.45379967,0.19610872,1.031909329,39.42189034,41.48570899,0.471204554,0.296141999,5,1.480709994
1,G04,FAM,APTX,Unkn-07,Hot,18945,M,12/30/2017,,33.83994326,33.70963169,0.130311565,0.113101106,33.59653059,33.8227328,2.896578547,34.25158371,5,171.2579185
1,G05,FAM,APTX,Unkn-07,Hot,18945,M,12/30/2017,,33.65196138,33.70963169,0.057670308,0.113101106,33.59653059,33.8227328,2.896578547,39.05103719,5,195.2551859
1,G06,FAM,APTX,Unkn-07,Hot,18945,M,12/30/2017,,33.63699044,33.70963169,0.072641257,0.113101106,33.59653059,33.8227328,2.896578547,39.46101444,5,197.3050722
1,G07,FAM,APTX,Unkn-15,Cool,24511,M,1/16/2018,,33.40631899,33.81103795,0.404718965,0.40449375,33.4065442,34.2155317,10.02824035,46.35041279,5,231.752064
1,G08,FAM,APTX,Unkn-15,Cool,24511,M,1/16/2018,,33.81148876,33.81103795,0.000450808,0.40449375,33.4065442,34.2155317,10.02824035,34.938268,5,174.69134
1,G09,FAM,APTX,Unkn-15,Cool,24511,M,1/16/2018,,34.21530611,33.81103795,0.404268157,0.40449375,33.4065442,34.2155317,10.02824035,26.36081747,5,131.8040873
1,G10,FAM,APTX,Unkn-23,Cool,23680,M,1/3/2018,,36.45758447,36.62627343,0.16868896,0.161995521,36.46427791,36.78826895,0.559745338,5.516036783,5,27.58018392
1,G11,FAM,APTX,Unkn-23,Cool,23680,M,1/3/2018,,36.6406138,36.62627343,0.014340374,0.161995521,36.46427791,36.78826895,0.559745338,4.854848512,5,24.27424256
1,G12,FAM,APTX,Unkn-23,Cool,23680,M,1/3/2018,,36.78062201,36.62627343,0.154348587,0.161995521,36.46427791,36.78826895,0.559745338,4.403095484,5,22.01547742
1,H05,FAM,APTX,Unkn-08,Cool,24512,M,1/16/2018,,29.16955685,29.14855975,0.020997097,0.661062393,28.48749736,29.80962215,287.2742668,890.5206179,5,4452.60309
1,H06,FAM,APTX,Unkn-08,Cool,24512,M,1/16/2018,,29.12756266,29.14855975,0.020997097,0.661062393,28.48749736,29.80962215,287.2742668,916.9945345,5,4584.972673
1,H07,FAM,APTX,Unkn-16,Hot,23886,F,1/8/2018,,37.12480264,37.25055506,0.125752419,0.356446105,36.89410895,37.60700117,0.751928862,3.463246801,5,17.316234
1,H08,FAM,APTX,Unkn-16,Hot,23886,F,1/8/2018,,36.97402948,37.25055506,0.276525577,0.356446105,36.89410895,37.60700117,0.751928862,3.847356427,5,19.23678213
1,H09,FAM,APTX,Unkn-16,Hot,23886,F,1/8/2018,,37.65283306,37.25055506,0.402277996,0.356446105,36.89410895,37.60700117,0.751928862,2.396120973,5,11.98060487
1,H10,FAM,APTX,Unkn-24,Hot,28805,M,1/8/2018,,32.75830339,32.95075691,0.192453513,0.263567848,32.68718906,33.21432475,11.22724196,72.84162239,5,364.208112
1,H11,FAM,APTX,Unkn-24,Hot,28805,M,1/8/2018,,32.84280422,32.95075691,0.107952684,0.263567848,32.68718906,33.21432475,11.22724196,68.67186179,5,343.359309
1,H12,FAM,APTX,Unkn-24,Hot,28805,M,1/8/2018,,33.2511631,32.95075691,0.300406198,0.263567848,32.68718906,33.21432475,11.22724196,51.64881943,5,258.2440972
1,A04,HEX,EEF2,Unkn-01,Cool,24281,F,1/3/2018,,34.76551197,35.04969357,0.284181606,0.250921665,34.79877191,35.30061524,2.931178982,19.50709686,5,97.53548432
1,A05,HEX,EEF2,Unkn-01,Cool,24281,F,1/3/2018,,35.1428733,35.04969357,0.093179729,0.250921665,34.79877191,35.30061524,2.931178982,14.99685403,5,74.98427017
1,A06,HEX,EEF2,Unkn-01,Cool,24281,F,1/3/2018,,35.24069545,35.04969357,0.191001877,0.250921665,34.79877191,35.30061524,2.931178982,14.00871893,5,70.04359463
1,A07,HEX,EEF2,Unkn-09,Hot,23894,M,1/8/2018,,29.54618937,29.4907859,0.055403475,0.104820652,29.38596524,29.59560655,57.44644534,740.6282382,5,3703.141191
1,A08,HEX,EEF2,Unkn-09,Hot,23894,M,1/8/2018,,29.55627863,29.4907859,0.065492738,0.104820652,29.38596524,29.59560655,57.44644534,735.4398817,5,3677.199408
1,A09,HEX,EEF2,Unkn-09,Hot,23894,M,1/8/2018,,29.36988968,29.4907859,0.120896213,0.104820652,29.38596524,29.59560655,57.44644534,837.4327167,5,4187.163583
1,A10,HEX,EEF2,Unkn-17,Cool,23870,M,1/4/2018,,32.24011092,32.22018655,0.019924363,0.039595292,32.18059126,32.25978185,3.195852945,113.3440293,5,566.7201464
1,A11,HEX,EEF2,Unkn-17,Cool,23870,M,1/4/2018,,32.24586216,32.22018655,0.025675607,0.039595292,32.18059126,32.25978185,3.195852945,112.8907287,5,564.4536434
1,A12,HEX,EEF2,Unkn-17,Cool,23870,M,1/4/2018,,32.17458658,32.22018655,0.04559997,0.039595292,32.18059126,32.25978185,3.195852945,118.6388205,5,593.1941027
1,B05,HEX,EEF2,Unkn-02,Hot,23882,F,1/8/2018,,33.63022033,33.59301953,0.037200808,0.64440883,32.9486107,34.23742836,13.82143621,43.02696588,5,215.1348294
1,B06,HEX,EEF2,Unkn-02,Hot,23882,F,1/8/2018,,33.55581872,33.59301953,0.037200808,0.64440883,32.9486107,34.23742836,13.82143621,45.3163821,5,226.5819105
1,B07,HEX,EEF2,Unkn-10,Cool,23871,M,1/4/2018,,34.35204135,34.62124219,0.269200842,0.245106005,34.37613619,34.8663482,3.811940418,26.02028601,5,130.1014301
1,B08,HEX,EEF2,Unkn-10,Cool,23871,M,1/4/2018,,34.680178,34.62124219,0.058935808,0.245106005,34.37613619,34.8663482,3.811940418,20.70214579,5,103.5107289
1,B09,HEX,EEF2,Unkn-10,Cool,23871,M,1/4/2018,,34.83150723,34.62124219,0.210265034,0.245106005,34.37613619,34.8663482,3.811940418,18.63039064,5,93.1519532
1,C04,HEX,EEF2,Unkn-03,Cool,24508,F,1/16/2018,,31.3588106,31.26368663,0.095123975,0.092277114,31.17140951,31.35596374,14.3575293,209.45319,5,1047.26595
1,C05,HEX,EEF2,Unkn-03,Cool,24508,F,1/16/2018,,31.17454775,31.26368663,0.089138877,0.092277114,31.17140951,31.35596374,14.3575293,238.1476783,5,1190.738392
1,C06,HEX,EEF2,Unkn-03,Cool,24508,F,1/16/2018,,31.25770153,31.26368663,0.005985098,0.092277114,31.17140951,31.35596374,14.3575293,224.7415498,5,1123.707749
1,C07,HEX,EEF2,Unkn-11,Cool,23866,F,1/3/2018,,35.70056224,35.9740622,0.273499961,0.238160773,35.73590143,36.21222298,1.464916803,10.16808465,5,50.84042324
1,C08,HEX,EEF2,Unkn-11,Cool,23866,F,1/3/2018,,36.13568953,35.9740622,0.161627329,0.238160773,35.73590143,36.21222298,1.464916803,7.508725876,5,37.54362938
1,C09,HEX,EEF2,Unkn-11,Cool,23866,F,1/3/2018,,36.08593483,35.9740622,0.111872631,0.238160773,35.73590143,36.21222298,1.464916803,7.773603912,5,38.86801956
1,C10,HEX,EEF2,Unkn-19,Cool,23869,M,1/4/2018,,34.76860543,34.71960647,0.048998953,0.252410767,34.46719571,34.97201724,3.651677605,19.46509537,5,97.32547684
1,C11,HEX,EEF2,Unkn-19,Cool,23869,M,1/4/2018,,34.44628875,34.71960647,0.273317728,0.252410767,34.46719571,34.97201724,3.651677605,24.36643939,5,121.8321969
1,C12,HEX,EEF2,Unkn-19,Cool,23869,M,1/4/2018,,34.94392525,34.71960647,0.224318775,0.252410767,34.46719571,34.97201724,3.651677605,17.22675169,5,86.13375846
1,D05,HEX,EEF2,Unkn-04,Hot,23616,F,1/22/2018,,31.57183003,31.64778893,0.075958902,1.322028811,30.32576012,32.96981774,387.3360464,180.5617033,5,902.8085167
1,D06,HEX,EEF2,Unkn-04,Hot,23616,F,1/22/2018,,31.72374783,31.64778893,0.075958902,1.322028811,30.32576012,32.96981774,387.3360464,162.4254706,5,812.127353
1,D07,HEX,EEF2,Unkn-12,Hot,90532,F,1/8/2018,,28.98589709,29.24541475,0.259517656,0.228141608,29.01727314,29.47355635,151.6404945,1094.331927,5,5471.659636
1,D08,HEX,EEF2,Unkn-12,Hot,90532,F,1/8/2018,,29.41437221,29.24541475,0.16895746,0.228141608,29.01727314,29.47355635,151.6404945,811.8749958,5,4059.374979
1,D09,HEX,EEF2,Unkn-12,Hot,90532,F,1/8/2018,,29.33597494,29.24541475,0.090560196,0.228141608,29.01727314,29.47355635,151.6404945,857.4578649,5,4287.289325
1,D10,HEX,EEF2,Unkn-20,Hot,23685,F,1/8/2018,,35.27376705,35.34613401,0.072366964,0.231431395,35.11470262,35.57756541,2.037310542,13.6895981,5,68.44799052
1,D11,HEX,EEF2,Unkn-20,Hot,23685,F,1/8/2018,,35.6051016,35.34613401,0.258967587,0.231431395,35.11470262,35.57756541,2.037310542,10.86741583,5,54.33707916
1,D12,HEX,EEF2,Unkn-20,Hot,23685,F,1/8/2018,,35.15953339,35.34613401,0.186600623,0.231431395,35.11470262,35.57756541,2.037310542,14.82377083,5,74.11885416
1,E04,HEX,EEF2,Unkn-05,Cool,24507,F,1/16/2018,,31.66144323,31.76976341,0.108320184,0.114874602,31.65488881,31.88463802,12.52818217,169.6320817,5,848.1604085
1,E05,HEX,EEF2,Unkn-05,Cool,24507,F,1/16/2018,,31.89022756,31.76976341,0.120464145,0.114874602,31.65488881,31.88463802,12.52818217,144.6358905,5,723.1794524
1,E06,HEX,EEF2,Unkn-05,Cool,24507,F,1/16/2018,,31.75761945,31.76976341,0.012143961,0.114874602,31.65488881,31.88463802,12.52818217,158.6369378,5,793.1846892
1,E07,HEX,EEF2,Unkn-13,Cool,90591,F,1/2/2018,,33.36460097,33.55492402,0.190323044,0.167552284,33.38737173,33.7224763,5.459795508,51.77489275,5,258.8744638
1,E08,HEX,EEF2,Unkn-13,Cool,90591,F,1/2/2018,,33.61997537,33.55492402,0.065051359,0.167552284,33.38737173,33.7224763,5.459795508,43.33521212,5,216.6760606
1,E09,HEX,EEF2,Unkn-13,Cool,90591,F,1/2/2018,,33.6801957,33.55492402,0.125271686,0.167552284,33.38737173,33.7224763,5.459795508,41.55447379,5,207.772369
1,E10,HEX,EEF2,Unkn-21,Cool,23868,M,1/3/2018,,33.96095656,33.97328241,0.012325848,0.069051363,33.90423105,34.04233377,1.620616704,34.17097462,5,170.8548731
1,E11,HEX,EEF2,Unkn-21,Cool,23868,M,1/3/2018,,34.04766664,33.97328241,0.074384225,0.069051363,33.90423105,34.04233377,1.620616704,32.16756766,5,160.8378383
1,E12,HEX,EEF2,Unkn-21,Cool,23868,M,1/3/2018,,33.91122403,33.97328241,0.062058377,0.069051363,33.90423105,34.04233377,1.620616704,35.37584448,5,176.8792224
1,F04,HEX,EEF2,Unkn-06,Cool,90583,M,1/4/2018,,32.13102228,32.1054925,0.025529782,0.076852951,32.02863955,32.18234545,6.749069219,122.295286,5,611.47643
1,F05,HEX,EEF2,Unkn-06,Cool,90583,M,1/4/2018,,32.16633161,32.1054925,0.060839108,0.076852951,32.02863955,32.18234545,6.749069219,119.3231859,5,596.6159294
1,F06,HEX,EEF2,Unkn-06,Cool,90583,M,1/4/2018,,32.01912361,32.1054925,0.086368891,0.076852951,32.02863955,32.18234545,6.749069219,132.2120764,5,661.0603822
1,F07,HEX,EEF2,Unkn-14,Hot,23850,F,12/30/2017,,36.25124719,35.95813006,0.293117126,0.255352627,35.70277744,36.21348269,1.446251084,6.927836082,5,34.63918041
1,F08,HEX,EEF2,Unkn-14,Hot,23850,F,12/30/2017,,35.78388167,35.95813006,0.174248395,0.255352627,35.70277744,36.21348269,1.446251084,9.594581722,5,47.97290861
1,F09,HEX,EEF2,Unkn-14,Hot,23850,F,12/30/2017,,35.83926133,35.95813006,0.118868732,0.255352627,35.70277744,36.21348269,1.446251084,9.231403398,5,46.15701699
1,G04,HEX,EEF2,Unkn-07,Hot,18945,M,12/30/2017,,30.57333101,30.43129751,0.142033493,0.216543092,30.21475442,30.64784061,63.10248116,362.0588907,5,1810.294454
1,G05,HEX,EEF2,Unkn-07,Hot,18945,M,12/30/2017,,30.5384963,30.43129751,0.107198786,0.216543092,30.21475442,30.64784061,63.10248116,370.9543513,5,1854.771756
1,G06,HEX,EEF2,Unkn-07,Hot,18945,M,12/30/2017,,30.18206523,30.43129751,0.249232279,0.216543092,30.21475442,30.64784061,63.10248116,475.5314919,5,2377.657459
1,G07,HEX,EEF2,Unkn-15,Cool,24511,M,1/16/2018,,32.12288217,32.39195892,0.269076753,0.233471625,32.1584873,32.62543055,17.4297391,122.9908997,5,614.9544983
1,G08,HEX,EEF2,Unkn-15,Cool,24511,M,1/16/2018,,32.54089436,32.39195892,0.148935435,0.233471625,32.1584873,32.62543055,17.4297391,91.91348597,5,459.5674299
1,G09,HEX,EEF2,Unkn-15,Cool,24511,M,1/16/2018,,32.51210024,32.39195892,0.120141318,0.233471625,32.1584873,32.62543055,17.4297391,93.7761852,5,468.880926
1,G10,HEX,EEF2,Unkn-23,Cool,23680,M,1/3/2018,,34.89334464,35.1617058,0.268361159,0.267760826,34.89394498,35.42946663,2.783288788,17.84470933,5,89.22354667
1,G11,HEX,EEF2,Unkn-23,Cool,23680,M,1/3/2018,,35.16291053,35.1617058,0.00120473,0.267760826,34.89394498,35.42946663,2.783288788,14.78892965,5,73.94464824
1,G12,HEX,EEF2,Unkn-23,Cool,23680,M,1/3/2018,,35.42886223,35.1617058,0.267156428,0.267760826,34.89394498,35.42946663,2.783288788,12.28733475,5,61.43667373
1,H05,HEX,EEF2,Unkn-08,Cool,24512,M,1/16/2018,,30.7992348,30.71244228,0.086792527,0.713177365,29.99926491,31.42561964,111.1223577,309.327812,5,1546.63906
1,H06,HEX,EEF2,Unkn-08,Cool,24512,M,1/16/2018,,30.62564975,30.71244228,0.086792527,0.713177365,29.99926491,31.42561964,111.1223577,349.0978366,5,1745.489183
1,H07,HEX,EEF2,Unkn-16,Hot,23886,F,1/8/2018,,32.90867635,32.92851133,0.019834985,0.043707797,32.88480354,32.97221913,2.119424639,71.13536195,5,355.6768097
1,H08,HEX,EEF2,Unkn-16,Hot,23886,F,1/8/2018,,32.89823801,32.92851133,0.030273322,0.043707797,32.88480354,32.97221913,2.119424639,71.65463162,5,358.2731581
1,H09,HEX,EEF2,Unkn-16,Hot,23886,F,1/8/2018,,32.97861964,32.92851133,0.050108307,0.043707797,32.88480354,32.97221913,2.119424639,67.75169448,5,338.7584724
1,H10,HEX,EEF2,Unkn-24,Hot,28805,M,1/8/2018,,29.93868246,30.07029551,0.131613048,0.131756993,29.93853852,30.2020525,47.26809282,563.415517,5,2817.077585
1,H11,HEX,EEF2,Unkn-24,Hot,28805,M,1/8/2018,,30.07000809,30.07029551,0.000287419,0.131756993,29.93853852,30.2020525,47.26809282,514.1485871,5,2570.742935
1,H12,HEX,EEF2,Unkn-24,Hot,28805,M,1/8/2018,,30.20219598,30.07029551,0.131900467,0.131756993,29.93853852,30.2020525,47.26809282,468.9079151,5,2344.539576
2,A04,Cy5,HSP60,Unkn-25,Cool,24128,F,1/3/2018,,34.61146961,34.7830703,0.171600692,0.255790602,34.5272797,35.03886091,2.777605854,18.15816825,5,90.79084127
2,A05,Cy5,HSP60,Unkn-25,Cool,24128,F,1/3/2018,,35.07706223,34.7830703,0.293991926,0.255790602,34.5272797,35.03886091,2.777605854,13.06702499,5,65.33512493
2,A06,Cy5,HSP60,Unkn-25,Cool,24128,F,1/3/2018,,34.66067907,34.7830703,0.122391234,0.255790602,34.5272797,35.03886091,2.777605854,17.53755844,5,87.68779218
2,A07,Cy5,HSP60,Unkn-33,Cool,18859,M,1/4/2018,,31.68051366,32.03568074,0.355167086,0.323192749,31.71248799,32.35887349,26.86946634,144.0832569,5,720.4162844
2,A08,Cy5,HSP60,Unkn-33,Cool,18859,M,1/4/2018,,32.11403824,32.03568074,0.078357496,0.323192749,31.71248799,32.35887349,26.86946634,106.0621002,5,530.3105012
2,A09,Cy5,HSP60,Unkn-33,Cool,18859,M,1/4/2018,,32.31249033,32.03568074,0.27680959,0.323192749,31.71248799,32.35887349,26.86946634,92.18349495,5,460.9174748
2,A10,Cy5,HSP60,Unkn-41,Hot,23884,F,1/8/2018,,31.98881462,32.08184143,0.093026806,0.11502322,31.96681821,32.19686465,8.68004663,115.8757824,5,579.3789119
2,A11,Cy5,HSP60,Unkn-41,Hot,23884,F,1/8/2018,,32.04625823,32.08184143,0.035583194,0.11502322,31.96681821,32.19686465,8.68004663,111.2660384,5,556.3301921
2,A12,Cy5,HSP60,Unkn-41,Hot,23884,F,1/8/2018,,32.21045143,32.08184143,0.12861,0.11502322,31.96681821,32.19686465,8.68004663,99.07634853,5,495.3817426
2,B04,Cy5,HSP60,Unkn-26,Cool,23861,M,1/2/2018,,31.91684925,31.89634832,0.02050093,0.027257069,31.86909125,31.92360539,2.394151476,121.9213084,5,609.6065422
2,B05,Cy5,HSP60,Unkn-26,Cool,23861,M,1/2/2018,,31.90677953,31.89634832,0.010431211,0.027257069,31.86909125,31.92360539,2.394151476,122.7920128,5,613.9600641
2,B06,Cy5,HSP60,Unkn-26,Cool,23861,M,1/2/2018,,31.86541618,31.89634832,0.030932141,0.027257069,31.86909125,31.92360539,2.394151476,126.434318,5,632.1715898
2,B07,Cy5,HSP60,Unkn-34,Hot,???,M,1/8/2018,,34.02639383,34.09011872,0.063724887,0.53593361,33.55418511,34.62605233,7.36428659,27.4560464,5,137.280232
2,B08,Cy5,HSP60,Unkn-34,Hot,???,M,1/8/2018,,34.15384361,34.09011872,0.063724887,0.53593361,33.55418511,34.62605233,7.36428659,25.09125085,5,125.4562542
2,C04,Cy5,HSP60,Unkn-27,Hot,23893,F,1/8/2018,,36.06861133,35.92369252,0.144918812,0.126448101,35.79724442,36.05014062,0.627323327,6.484250455,5,32.42125227
2,C05,Cy5,HSP60,Unkn-27,Hot,23893,F,1/8/2018,,35.83580503,35.92369252,0.087887488,0.126448101,35.79724442,36.05014062,0.627323327,7.643820935,5,38.21910467
2,C06,Cy5,HSP60,Unkn-27,Hot,23893,F,1/8/2018,,35.8666612,35.92369252,0.057031325,0.126448101,35.79724442,36.05014062,0.627323327,7.478946401,5,37.39473201
2,C07,Cy5,HSP60,Unkn-35,Cool,24514,M,1/16/2018,,32.3386585,32.44030543,0.10164693,0.104960651,32.33534477,32.54526608,6.233314529,90.49443696,5,452.4721848
2,C08,Cy5,HSP60,Unkn-35,Cool,24514,M,1/16/2018,,32.4339654,32.44030543,0.006340024,0.104960651,32.33534477,32.54526608,6.233314529,84.60015946,5,423.0007973
2,C09,Cy5,HSP60,Unkn-35,Cool,24514,M,1/16/2018,,32.54829238,32.44030543,0.107986954,0.104960651,32.33534477,32.54526608,6.233314529,78.03384723,5,390.1692362
2,D05,Cy5,HSP60,Unkn-28,Cool,24116,F,1/2/2018,,34.06197505,34.06152079,0.00045426,0.550054529,33.51146626,34.61157532,14.85465826,26.77427669,5,133.8713834
2,D06,Cy5,HSP60,Unkn-28,Cool,24116,F,1/2/2018,,34.06106653,34.06152079,0.00045426,0.550054529,33.51146626,34.61157532,14.85465826,26.79147237,5,133.9573619
2,D07,Cy5,HSP60,Unkn-36,Cool,25430,F,1/3/2018,,32.54830789,32.42896452,0.119343365,0.103995595,32.32496893,32.53296012,6.120072162,78.03299211,5,390.1649605
2,D08,Cy5,HSP60,Unkn-36,Cool,25430,F,1/3/2018,,32.35776224,32.42896452,0.071202285,0.103995595,32.32496893,32.53296012,6.120072162,89.28093741,5,446.404687
2,D09,Cy5,HSP60,Unkn-36,Cool,25430,F,1/3/2018,,32.38082344,32.42896452,0.04814108,0.103995595,32.32496893,32.53296012,6.120072162,87.83771167,5,439.1885583
2,E04,Cy5,HSP60,Unkn-29,Hot,23888,M,1/8/2018,,32.2552922,32.37454798,0.119255777,0.263501861,32.11104612,32.63804984,15.69782953,95.98599768,5,479.9299884
2,E05,Cy5,HSP60,Unkn-29,Hot,23888,M,1/8/2018,,32.19175727,32.37454798,0.182790707,0.263501861,32.11104612,32.63804984,15.69782953,100.3939235,5,501.9696175
2,E06,Cy5,HSP60,Unkn-29,Hot,23888,M,1/8/2018,,32.67659446,32.37454798,0.302046484,0.263501861,32.11104612,32.63804984,15.69782953,71.26983432,5,356.3491716
2,E08,Cy5,HSP60,Unkn-37,Hot,23849,M,12/30/2017,,33.16107828,33.2094566,0.048378312,0.474799633,32.73465696,33.68425623,12.5259338,50.60722495,5,253.0361248
2,E09,Cy5,HSP60,Unkn-37,Hot,23849,M,12/30/2017,,33.25783491,33.2094566,0.048378312,0.474799633,32.73465696,33.68425623,12.5259338,47.26252163,5,236.3126082
2,F04,Cy5,HSP60,Unkn-30,Cool,23860,F,1/2/2018,,31.81747142,31.67420633,0.143265091,0.143896775,31.53030955,31.8181031,14.75880822,130.7915621,5,653.9578104
2,F05,Cy5,HSP60,Unkn-30,Cool,23860,F,1/2/2018,,31.67546148,31.67420633,0.001255157,0.143896775,31.53030955,31.8181031,14.75880822,144.598598,5,722.99299
2,F06,Cy5,HSP60,Unkn-30,Cool,23860,F,1/2/2018,,31.52968608,31.67420633,0.144520248,0.143896775,31.53030955,31.8181031,14.75880822,160.2891408,5,801.4457038
2,F08,Cy5,HSP60,Unkn-38,Cool,23859,F,1/2/2018,,34.8053982,34.4798124,0.325585803,0.713628476,33.76618392,35.19344087,14.00586886,15.83263847,5,79.16319235
2,F09,Cy5,HSP60,Unkn-38,Cool,23859,F,1/2/2018,,34.15422659,34.4798124,0.325585803,0.713628476,33.76618392,35.19344087,14.00586886,25.08446079,5,125.4223039
2,G04,Cy5,HSP60,Unkn-31,Cool,23865,F,1/3/2018,,33.91826876,34.27514475,0.356875993,0.356222801,33.91892195,34.63136755,5.878295698,29.6362148,5,148.181074
2,G05,Cy5,HSP60,Unkn-31,Cool,23865,F,1/3/2018,,34.63071074,34.27514475,0.355565996,0.356222801,33.91892195,34.63136755,5.878295698,17.91293412,5,89.5646706
2,G06,Cy5,HSP60,Unkn-31,Cool,23865,F,1/3/2018,,34.27645474,34.27514475,0.001309997,0.356222801,33.91892195,34.63136755,5.878295698,23.00867731,5,115.0433866
2,H04,Cy5,HSP60,Unkn-32,Hot,24278,F,1/22/2018,,33.79572533,33.93485645,0.139131126,0.123835455,33.811021,34.05869191,2.616566205,32.31711708,5,161.5855854
2,H05,Cy5,HSP60,Unkn-32,Hot,24278,F,1/22/2018,,33.97583676,33.93485645,0.040980302,0.123835455,33.811021,34.05869191,2.616566205,28.45473225,5,142.2736612
2,H06,Cy5,HSP60,Unkn-32,Hot,24278,F,1/22/2018,,34.03300728,33.93485645,0.098150824,0.123835455,33.811021,34.05869191,2.616566205,27.32802609,5,136.6401304
2,H07,Cy5,HSP60,Unkn-40,Cool,24506,F,1/16/2018,,31.41620321,31.30876176,0.107441451,0.581892294,30.72686946,31.89065405,56.59247215,173.6733563,5,868.3667814
2,H08,Cy5,HSP60,Unkn-40,Cool,24506,F,1/16/2018,,31.20132031,31.30876176,0.107441451,0.581892294,30.72686946,31.89065405,56.59247215,202.154326,5,1010.77163
2,A04,FAM,APTX,Unkn-25,Cool,24128,F,1/3/2018,,36.08077285,36.17275149,0.091978633,0.132584288,36.0401672,36.30533577,0.523746322,6.102120017,5,30.51060008
2,A05,FAM,APTX,Unkn-25,Cool,24128,F,1/3/2018,,36.1127524,36.17275149,0.059999087,0.132584288,36.0401672,36.30533577,0.523746322,5.965552128,5,29.82776064
2,A06,FAM,APTX,Unkn-25,Cool,24128,F,1/3/2018,,36.32472921,36.17275149,0.15197772,0.132584288,36.0401672,36.30533577,0.523746322,5.134423743,5,25.67211872
2,A07,FAM,APTX,Unkn-33,Cool,18859,M,1/4/2018,,31.16732583,31.51908998,0.351764154,0.327630941,31.19145904,31.84672092,37.1360723,197.6109474,5,988.0547371
2,A08,FAM,APTX,Unkn-33,Cool,18859,M,1/4/2018,,31.57439628,31.51908998,0.055306299,0.327630941,31.19145904,31.84672092,37.1360723,148.1435653,5,740.7178266
2,A09,FAM,APTX,Unkn-33,Cool,18859,M,1/4/2018,,31.81554783,31.51908998,0.296457855,0.327630941,31.19145904,31.84672092,37.1360723,124.8981236,5,624.4906181
2,A10,FAM,APTX,Unkn-41,Hot,23884,F,1/8/2018,,33.03178988,33.2202651,0.188475228,0.169036299,33.0512288,33.3893014,5.678616422,52.80788748,5,264.0394374
2,A11,FAM,APTX,Unkn-41,Hot,23884,F,1/8/2018,,33.27055858,33.2202651,0.050293481,0.169036299,33.0512288,33.3893014,5.678616422,44.59686929,5,222.9843465
2,A12,FAM,APTX,Unkn-41,Hot,23884,F,1/8/2018,,33.35844685,33.2202651,0.138181747,0.169036299,33.0512288,33.3893014,5.678616422,41.90720078,5,209.5360039
2,B04,FAM,APTX,Unkn-26,Cool,23861,M,1/2/2018,,31.3546856,31.36170095,0.007015352,0.10265208,31.25904887,31.46435303,12.47941744,173.0688952,5,865.344476
2,B05,FAM,APTX,Unkn-26,Cool,23861,M,1/2/2018,,31.2627365,31.36170095,0.098964457,0.10265208,31.25904887,31.46435303,12.47941744,184.7068452,5,923.5342259
2,B06,FAM,APTX,Unkn-26,Cool,23861,M,1/2/2018,,31.46768076,31.36170095,0.105979809,0.10265208,31.25904887,31.46435303,12.47941744,159.7665165,5,798.8325823
2,B07,FAM,APTX,Unkn-34,Hot,???,M,1/8/2018,,33.9457796,34.24964066,0.303861067,0.314082119,33.93555854,34.56372278,4.957250582,27.65350218,5,138.2675109
2,B08,FAM,APTX,Unkn-34,Hot,???,M,1/8/2018,,34.23011007,34.24964066,0.019530589,0.314082119,33.93555854,34.56372278,4.957250582,22.61260612,5,113.0630306
2,B09,FAM,APTX,Unkn-34,Hot,???,M,1/8/2018,,34.57303232,34.24964066,0.323391656,0.314082119,33.93555854,34.56372278,4.957250582,17.73947415,5,88.69737077
2,C04,FAM,APTX,Unkn-27,Hot,23893,F,1/8/2018,,37.47564103,37.20778495,0.267856083,1.636064569,35.57172038,38.84384952,1.491073187,2.273611479,5,11.3680574
2,C06,FAM,APTX,Unkn-27,Hot,23893,F,1/8/2018,,36.93992887,37.20778495,0.267856083,1.636064569,35.57172038,38.84384952,1.491073187,3.321905435,5,16.60952718
2,C07,FAM,APTX,Unkn-35,Cool,24514,M,1/16/2018,,32.68611062,32.60187167,0.084238958,0.103765504,32.49810616,32.70563717,5.343316634,67.44599076,5,337.2299538
2,C08,FAM,APTX,Unkn-35,Cool,24514,M,1/16/2018,,32.6335433,32.60187167,0.031671633,0.103765504,32.49810616,32.70563717,5.343316634,70.00267833,5,350.0133917
2,C09,FAM,APTX,Unkn-35,Cool,24514,M,1/16/2018,,32.48596107,32.60187167,0.115910591,0.103765504,32.49810616,32.70563717,5.343316634,77.71046883,5,388.5523442
2,D05,FAM,APTX,Unkn-28,Cool,24116,F,1/2/2018,,32.60845488,32.73557894,0.127124061,0.605695975,32.12988296,33.34127491,40.38762008,71.2568325,5,356.2841625
2,D06,FAM,APTX,Unkn-28,Cool,24116,F,1/2/2018,,32.862703,32.73557894,0.127124061,0.605695975,32.12988296,33.34127491,40.38762008,59.52150714,5,297.6075357
2,D07,FAM,APTX,Unkn-36,Cool,25430,F,1/3/2018,,33.05668987,33.24810483,0.191414961,0.189769007,33.05833583,33.43787384,6.119686837,51.88536265,5,259.4268133
2,D08,FAM,APTX,Unkn-36,Cool,25430,F,1/3/2018,,33.4361839,33.24810483,0.18807907,0.189769007,33.05833583,33.43787384,6.119686837,39.66370551,5,198.3185276
2,D09,FAM,APTX,Unkn-36,Cool,25430,F,1/3/2018,,33.25144072,33.24810483,0.003335891,0.189769007,33.05833583,33.43787384,6.119686837,45.20442568,5,226.0221284
2,E04,FAM,APTX,Unkn-29,Hot,23888,M,1/8/2018,,32.27393384,32.41394327,0.140009432,0.246731372,32.1672119,32.66067465,13.63056286,90.29297575,5,451.4648787
2,E05,FAM,APTX,Unkn-29,Hot,23888,M,1/8/2018,,32.26906572,32.41394327,0.144877552,0.246731372,32.1672119,32.66067465,13.63056286,90.60462423,5,453.0231212
2,E06,FAM,APTX,Unkn-29,Hot,23888,M,1/8/2018,,32.69883026,32.41394327,0.284886984,0.246731372,32.1672119,32.66067465,13.63056286,66.84151536,5,334.2075768
2,E07,FAM,APTX,Unkn-37,Hot,23849,M,12/30/2017,,34.63216784,34.38144459,0.250723254,0.291591122,34.08985347,34.67303571,4.373745654,17.01230829,5,85.06154146
2,E08,FAM,APTX,Unkn-37,Hot,23849,M,12/30/2017,,34.45070765,34.38144459,0.069263062,0.291591122,34.08985347,34.67303571,4.373745654,19.34379885,5,96.71899427
2,E09,FAM,APTX,Unkn-37,Hot,23849,M,12/30/2017,,34.06145827,34.38144459,0.319986316,0.291591122,34.08985347,34.67303571,4.373745654,25.47956485,5,127.3978243
2,F04,FAM,APTX,Unkn-30,Cool,23860,F,1/2/2018,,32.03751896,32.1101215,0.072602541,0.065384961,32.04473654,32.17550646,4.736356752,106.7394234,5,533.6971171
2,F05,FAM,APTX,Unkn-30,Cool,23860,F,1/2/2018,,32.16436285,32.1101215,0.054241347,0.065384961,32.04473654,32.17550646,4.736356752,97.57412757,5,487.8706378
2,F06,FAM,APTX,Unkn-30,Cool,23860,F,1/2/2018,,32.12848269,32.1101215,0.018361194,0.065384961,32.04473654,32.17550646,4.736356752,100.083797,5,500.4189851
2,F07,FAM,APTX,Unkn-38,Cool,23859,F,1/2/2018,,33.3325174,33.72683585,0.394318445,0.915414283,32.81142156,34.64225013,15.56090554,42.68340237,5,213.4170119
2,F09,FAM,APTX,Unkn-38,Cool,23859,F,1/2/2018,,34.12115429,33.72683585,0.394318445,0.915414283,32.81142156,34.64225013,15.56090554,24.42543014,5,122.1271507
2,G05,FAM,APTX,Unkn-31,Cool,23865,F,1/3/2018,,35.73882978,36.0491323,0.310302522,0.955296689,35.09383562,37.00442899,7.347242118,7.773017314,5,38.86508657
2,G06,FAM,APTX,Unkn-31,Cool,23865,F,1/3/2018,,36.35943483,36.0491323,0.310302522,0.955296689,35.09383562,37.00442899,7.347242118,5.009837595,5,25.04918797
2,H04,FAM,APTX,Unkn-32,Hot,24278,F,1/22/2018,,34.82626587,34.85643527,0.030169398,0.080376925,34.77605834,34.93681219,0.814882381,14.82859537,5,74.14297683
2,H05,FAM,APTX,Unkn-32,Hot,24278,F,1/22/2018,,34.94753184,34.85643527,0.091096577,0.080376925,34.77605834,34.93681219,0.814882381,13.60894371,5,68.04471854
2,H06,FAM,APTX,Unkn-32,Hot,24278,F,1/22/2018,,34.79550809,34.85643527,0.060927179,0.080376925,34.77605834,34.93681219,0.814882381,15.15495182,5,75.77475909
2,H07,FAM,APTX,Unkn-40,Cool,24506,F,1/16/2018,,32.98095167,32.73565849,0.24529318,0.807464765,31.92819373,33.54312326,26.12535386,54.74264813,5,273.7132406
2,H08,FAM,APTX,Unkn-40,Cool,24506,F,1/16/2018,,32.49036531,32.73565849,0.24529318,0.807464765,31.92819373,33.54312326,26.12535386,77.46860272,5,387.3430136
2,A04,HEX,EEF2,Unkn-25,Cool,24128,F,1/3/2018,,31.95077668,32.05597066,0.105193979,0.198156141,31.85781452,32.2541268,16.85978709,134.166478,5,670.8323902
2,A05,HEX,EEF2,Unkn-25,Cool,24128,F,1/3/2018,,32.28454073,32.05597066,0.228570074,0.198156141,31.85781452,32.2541268,16.85978709,105.8745428,5,529.3727139
2,A06,HEX,EEF2,Unkn-25,Cool,24128,F,1/3/2018,,31.93259456,32.05597066,0.123376095,0.198156141,31.85781452,32.2541268,16.85978709,135.9086211,5,679.5431055
2,A07,HEX,EEF2,Unkn-33,Cool,18859,M,1/4/2018,,28.94168757,29.25774968,0.316062105,0.291778357,28.96597132,29.54952803,194.8454361,1134.808513,5,5674.042566
2,A08,HEX,EEF2,Unkn-33,Cool,18859,M,1/4/2018,,29.31472051,29.25774968,0.056970828,0.291778357,28.96597132,29.54952803,194.8454361,870.9015146,5,4354.507573
2,A09,HEX,EEF2,Unkn-33,Cool,18859,M,1/4/2018,,29.51684095,29.25774968,0.259091277,0.291778357,28.96597132,29.54952803,194.8454361,754.5426019,5,3772.713009
2,A10,HEX,EEF2,Unkn-41,Hot,23884,F,1/8/2018,,29.9628006,30.04644191,0.083641302,0.113593519,29.93284839,30.16003542,40.96238513,549.8664034,5,2749.332017
2,A11,HEX,EEF2,Unkn-41,Hot,23884,F,1/8/2018,,30.00076063,30.04644191,0.045681275,0.113593519,29.93284839,30.16003542,40.96238513,535.2534225,5,2676.267113
2,A12,HEX,EEF2,Unkn-41,Hot,23884,F,1/8/2018,,30.17576448,30.04644191,0.129322577,0.113593519,29.93284839,30.16003542,40.96238513,472.7487636,5,2363.743818
2,B04,HEX,EEF2,Unkn-26,Cool,23861,M,1/2/2018,,28.79402859,28.82916473,0.035136145,0.057777894,28.77138684,28.88694263,49.81089805,1260.158179,5,6300.790897
2,B05,HEX,EEF2,Unkn-26,Cool,23861,M,1/2/2018,,28.79761689,28.82916473,0.031547847,0.057777894,28.77138684,28.88694263,49.81089805,1256.953743,5,6284.768717
2,B06,HEX,EEF2,Unkn-26,Cool,23861,M,1/2/2018,,28.89584873,28.82916473,0.066683992,0.057777894,28.77138684,28.88694263,49.81089805,1172.325599,5,5861.627995
2,B07,HEX,EEF2,Unkn-34,Hot,???,M,1/8/2018,,31.73068808,31.9338177,0.203129613,0.285439003,31.64837869,32.2192567,26.22364941,156.8434371,5,784.2171853
2,B08,HEX,EEF2,Unkn-34,Hot,???,M,1/8/2018,,31.8105955,31.9338177,0.123222192,0.285439003,31.64837869,32.2192567,26.22364941,148.1979315,5,740.9896573
2,B09,HEX,EEF2,Unkn-34,Hot,???,M,1/8/2018,,32.2601695,31.9338177,0.326351805,0.285439003,31.64837869,32.2192567,26.22364941,107.7213451,5,538.6067254
2,C04,HEX,EEF2,Unkn-27,Hot,23893,F,1/8/2018,,33.51951961,33.41095634,0.108563274,0.250252967,33.16070337,33.6612093,8.898155577,44.07795274,5,220.3897637
2,C05,HEX,EEF2,Unkn-27,Hot,23893,F,1/8/2018,,33.12475433,33.41095634,0.28620201,0.250252967,33.16070337,33.6612093,8.898155577,58.32731415,5,291.6365708
2,C06,HEX,EEF2,Unkn-27,Hot,23893,F,1/8/2018,,33.58859507,33.41095634,0.177638736,0.250252967,33.16070337,33.6612093,8.898155577,41.96963326,5,209.8481663
2,C07,HEX,EEF2,Unkn-35,Cool,24514,M,1/16/2018,,30.11966058,30.16714564,0.047485062,0.045656468,30.12148917,30.21280211,15.44433663,491.9481572,5,2459.740786
2,C08,HEX,EEF2,Unkn-35,Cool,24514,M,1/16/2018,,30.21072222,30.16714564,0.043576587,0.045656468,30.12148917,30.21280211,15.44433663,461.1666053,5,2305.833027
2,C09,HEX,EEF2,Unkn-35,Cool,24514,M,1/16/2018,,30.17105411,30.16714564,0.003908475,0.045656468,30.12148917,30.21280211,15.44433663,474.3314768,5,2371.657384
2,D05,HEX,EEF2,Unkn-28,Cool,24116,F,1/2/2018,,33.22151697,33.1328086,0.088708364,0.522224437,32.61058417,33.65503304,29.7009809,54.45699571,5,272.2849785
2,D06,HEX,EEF2,Unkn-28,Cool,24116,F,1/2/2018,,33.04410024,33.1328086,0.088708364,0.522224437,32.61058417,33.65503304,29.7009809,61.76270088,5,308.8135044
2,D07,HEX,EEF2,Unkn-36,Cool,25430,F,1/3/2018,,29.85038087,29.8722958,0.021914925,0.022257627,29.85003817,29.89455342,9.257304205,595.5255004,5,2977.627502
2,D08,HEX,EEF2,Unkn-36,Cool,25430,F,1/3/2018,,29.87162554,29.8722958,0.000670262,0.022257627,29.85003817,29.89455342,9.257304205,586.6156211,5,2933.078105
2,D09,HEX,EEF2,Unkn-36,Cool,25430,F,1/3/2018,,29.89488098,29.8722958,0.022585187,0.022257627,29.85003817,29.89455342,9.257304205,577.0151852,5,2885.075926
2,E04,HEX,EEF2,Unkn-29,Hot,23888,M,1/8/2018,,28.97459246,29.0576419,0.08304944,0.128798866,28.92884304,29.18644077,93.18491196,1108.619823,5,5543.099113
2,E05,HEX,EEF2,Unkn-29,Hot,23888,M,1/8/2018,,28.99231981,29.0576419,0.06532209,0.128798866,28.92884304,29.18644077,93.18491196,1094.762199,5,5473.810994
2,E06,HEX,EEF2,Unkn-29,Hot,23888,M,1/8/2018,,29.20601343,29.0576419,0.14837153,0.128798866,28.92884304,29.18644077,93.18491196,940.7367994,5,4703.683997
2,E07,HEX,EEF2,Unkn-37,Hot,23849,M,12/30/2017,,32.0424368,31.70312068,0.339316116,0.296316278,31.4068044,31.99943696,31.98437924,125.718187,5,628.5909348
2,E08,HEX,EEF2,Unkn-37,Hot,23849,M,12/30/2017,,31.57156468,31.70312068,0.131556004,0.296316278,31.4068044,31.99943696,31.98437924,175.5907753,5,877.9538767
2,E09,HEX,EEF2,Unkn-37,Hot,23849,M,12/30/2017,,31.49536057,31.70312068,0.207760113,0.296316278,31.4068044,31.99943696,31.98437924,185.3466307,5,926.7331536
2,F04,HEX,EEF2,Unkn-30,Cool,23860,F,1/2/2018,,28.13140206,28.16434938,0.032947322,0.075201272,28.08914811,28.23955065,103.6812416,2016.598967,5,10082.99483
2,F05,HEX,EEF2,Unkn-30,Cool,23860,F,1/2/2018,,28.25040096,28.16434938,0.08605158,0.075201272,28.08914811,28.23955065,103.6812416,1853.313679,5,9266.568396
2,F06,HEX,EEF2,Unkn-30,Cool,23860,F,1/2/2018,,28.11124512,28.16434938,0.053104258,0.075201272,28.08914811,28.23955065,103.6812416,2045.648851,5,10228.24425
2,F08,HEX,EEF2,Unkn-38,Cool,23859,F,1/2/2018,,31.41012191,31.14050292,0.269618983,0.869811217,30.27069171,32.01031414,244.5057835,196.9027473,5,984.5137365
2,F09,HEX,EEF2,Unkn-38,Cool,23859,F,1/2/2018,,30.87088394,31.14050292,0.269618983,0.869811217,30.27069171,32.01031414,244.5057835,288.6841426,5,1443.420713
2,G05,HEX,EEF2,Unkn-31,Cool,23865,F,1/3/2018,,31.39630668,31.15206176,0.244244921,0.598064346,30.55399741,31.7501261,134.9119928,198.8424316,5,994.2121581
2,G06,HEX,EEF2,Unkn-31,Cool,23865,F,1/3/2018,,30.90781684,31.15206176,0.244244921,0.598064346,30.55399741,31.7501261,134.9119928,281.2170942,5,1406.085471
2,H04,HEX,EEF2,Unkn-32,Hot,24278,F,1/22/2018,,31.05853187,31.21347993,0.154948062,0.199579671,31.01390026,31.4130596,31.12354964,252.6954883,5,1263.477441
2,H05,HEX,EEF2,Unkn-32,Hot,24278,F,1/22/2018,,31.14321985,31.21347993,0.070260083,0.199579671,31.01390026,31.4130596,31.12354964,237.9578882,5,1189.789441
2,H06,HEX,EEF2,Unkn-32,Hot,24278,F,1/22/2018,,31.43868808,31.21347993,0.225208146,0.199579671,31.01390026,31.4130596,31.12354964,192.9518051,5,964.7590253
2,H07,HEX,EEF2,Unkn-40,Cool,24506,F,1/16/2018,,29.52105917,29.80785643,0.286797256,0.786430127,29.0214263,30.59428656,525.1090902,752.2875621,5,3761.43781
2,H09,HEX,EEF2,Unkn-40,Cool,24506,F,1/16/2018,,30.09465369,29.80785643,0.286797256,0.786430127,29.0214263,30.59428656,525.1090902,500.7551699,5,2503.775849
