Plate,Well,Fluor,Target,Content,Sample,BirdID,Sex,PairID,Cq,Cq Mean,Cq_Diff,Cq Std. Dev,SQ Std. Dev,Starting Quantity (SQ),Dilution Factor,Copy_Number
1,A04,Cy5,HSP60,Unkn-01,30_deg,B230,M,L12,29.3668368,29.36802127,0.001184469,0.025666265,12457.89238,732982.0805,5,3664910.402
1,A05,Cy5,HSP60,Unkn-01,30_deg,B230,M,L12,29.34296775,29.36802127,0.025053524,0.025666265,12457.89238,744675.1551,5,3723375.776
1,A06,Cy5,HSP60,Unkn-01,30_deg,B230,M,L12,29.39425926,29.36802127,0.026237992,0.025666265,12457.89238,719774.7139,5,3598873.57
1,A07,Cy5,HSP60,Unkn-02,40_deg,B364,F,H6,29.79925354,29.84919149,0.049937949,0.110771858,38362.29571,550264.48,5,2751322.4
1,A08,Cy5,HSP60,Unkn-02,40_deg,B364,F,H6,29.97614113,29.84919149,0.126949637,0.110771858,38362.29571,489365.8293,5,2446829.146
1,A09,Cy5,HSP60,Unkn-02,40_deg,B364,F,H6,29.7721798,29.84919149,0.077011688,0.110771858,38362.29571,560231.8956,5,2801159.478
1,A10,Cy5,HSP60,Unkn-03,30_deg,B221,M,L2,29.94824697,29.96817504,0.019928066,0.101357874,32777.59625,498501.2431,5,2492506.215
1,A11,Cy5,HSP60,Unkn-03,30_deg,B221,M,L2,29.87826128,29.96817504,0.089913756,0.101357874,32777.59625,522179.5206,5,2610897.603
1,A12,Cy5,HSP60,Unkn-03,30_deg,B221,M,L2,30.07801686,29.96817504,0.109841821,0.101357874,32777.59625,457400.6347,5,2287003.174
1,B04,Cy5,HSP60,Unkn-04,40_deg,B193,F,H14,31.17649388,30.96265592,0.213837959,0.199181456,33172.96137,220785.8883,5,1103929.441
1,B05,Cy5,HSP60,Unkn-04,40_deg,B193,F,H14,30.92907348,30.96265592,0.03358244,0.199181456,33172.96137,260147.8814,5,1300739.407
1,B06,Cy5,HSP60,Unkn-04,40_deg,B193,F,H14,30.78240041,30.96265592,0.180255518,0.199181456,33172.96137,286719.5736,5,1433597.868
1,B07,Cy5,HSP60,Unkn-05,30_deg,B372,M,L10,30.48233389,30.49727614,0.014942252,0.016437451,3770.567814,349837.7598,5,1749188.799
1,B08,Cy5,HSP60,Unkn-05,30_deg,B372,M,L10,30.49461136,30.49727614,0.002664782,0.016437451,3770.567814,347001.3572,5,1735006.786
1,B09,Cy5,HSP60,Unkn-05,30_deg,B372,M,L10,30.51488318,30.49727614,0.017607034,0.016437451,3770.567814,342368.3057,5,1711841.528
1,B10,Cy5,HSP60,Unkn-06,40_deg,B275,M,H8,30.28800639,30.2898244,0.001818007,0.038631503,10173.51056,397948.2934,5,1989741.467
1,B11,Cy5,HSP60,Unkn-06,40_deg,B275,M,H8,30.25213399,30.2898244,0.037690403,0.038631503,10173.51056,407527.3153,5,2037636.576
1,B12,Cy5,HSP60,Unkn-06,40_deg,B275,M,H8,30.32933281,30.2898244,0.03950841,0.038631503,10173.51056,387191.6567,5,1935958.284
1,C04,Cy5,HSP60,Unkn-07,30_deg,B371,M,L8,32.44986771,32.46371991,0.013852199,0.041210381,2554.20364,94903.29723,5,474516.4862
1,C05,Cy5,HSP60,Unkn-07,30_deg,B371,M,L8,32.43122034,32.46371991,0.032499565,0.041210381,2554.20364,96084.0129,5,480420.0645
1,C06,Cy5,HSP60,Unkn-07,30_deg,B371,M,L8,32.51007167,32.46371991,0.046351763,0.041210381,2554.20364,91189.43602,5,455947.1801
1,C07,Cy5,HSP60,Unkn-08,40_deg,B390,M,H16,28.88244836,28.91613279,0.033684426,0.08904809,57551.60367,1010604.861,5,5053024.303
1,C08,Cy5,HSP60,Unkn-08,40_deg,B390,M,H16,29.01710931,28.91613279,0.100976521,0.08904809,57551.60367,924279.7425,5,4621398.713
1,C09,Cy5,HSP60,Unkn-08,40_deg,B390,M,H16,28.84884069,28.91613279,0.067292096,0.08904809,57551.60367,1033378.193,5,5166890.964
1,C10,Cy5,HSP60,Unkn-09,30_deg,B403,F,L16,30.11186742,30.19219502,0.080327605,0.101787444,28212.45761,447248.517,5,2236242.585
1,C11,Cy5,HSP60,Unkn-09,30_deg,B403,F,L16,30.15805344,30.19219502,0.034141585,0.101787444,28212.45761,433759.347,5,2168796.735
1,C12,Cy5,HSP60,Unkn-09,30_deg,B403,F,L16,30.30666421,30.19219502,0.11446919,0.101787444,28212.45761,393055.4335,5,1965277.167
1,D04,Cy5,HSP60,Unkn-10,40_deg,B191,F,H8,29.710303,29.80443449,0.094131491,0.103479051,37357.93215,583695.4746,5,2918477.373
1,D05,Cy5,HSP60,Unkn-10,40_deg,B191,F,H8,29.78776359,29.80443449,0.016670907,0.103479051,37357.93215,554472.7558,5,2772363.779
1,D06,Cy5,HSP60,Unkn-10,40_deg,B191,F,H8,29.91523689,29.80443449,0.110802398,0.103479051,37357.93215,509532.7104,5,2547663.552
1,D07,Cy5,HSP60,Unkn-11,30_deg,B239,F,L12,30.19992458,30.21358739,0.013662815,0.014065543,3897.745562,421882.3223,5,2109411.611
1,D08,Cy5,HSP60,Unkn-11,30_deg,B239,F,L12,30.21281386,30.21358739,0.000773533,0.014065543,3897.745562,418292.0751,5,2091460.375
1,D09,Cy5,HSP60,Unkn-11,30_deg,B239,F,L12,30.22802374,30.21358739,0.014436348,0.014065543,3897.745562,414094.7155,5,2070473.577
1,D10,Cy5,HSP60,Unkn-12,40_deg,B365,M,H6,30.63559846,30.72050989,0.084911421,0.074561776,14960.69773,316032.3199,5,1580161.6
1,D11,Cy5,HSP60,Unkn-12,40_deg,B365,M,H6,30.75063692,30.72050989,0.030127031,0.074561776,14960.69773,292822.3272,5,1464111.636
1,D12,Cy5,HSP60,Unkn-12,40_deg,B365,M,H6,30.77529428,30.72050989,0.05478439,0.074561776,14960.69773,288073.7427,5,1440368.713
1,E04,Cy5,HSP60,Unkn-13,30_deg,B176,M,L14,30.36218109,30.31812633,0.044054767,0.072966839,19143.06161,378849.5355,5,1894247.677
1,E05,Cy5,HSP60,Unkn-13,30_deg,B176,M,L14,30.23390133,30.31812633,0.084224994,0.072966839,19143.06161,412484.0257,5,2062420.128
1,E06,Cy5,HSP60,Unkn-13,30_deg,B176,M,L14,30.35829655,30.31812633,0.040170227,0.072966839,19143.06161,379826.603,5,1899133.015
1,E07,Cy5,HSP60,Unkn-14,40_deg,B248,M,H12,32.18603037,32.21924838,0.033218009,0.050588545,3675.239602,113046.6831,5,565233.4156
1,E08,Cy5,HSP60,Unkn-14,40_deg,B248,M,H12,32.27747017,32.21924838,0.058221788,0.050588545,3675.239602,106396.209,5,531981.045
1,E09,Cy5,HSP60,Unkn-14,40_deg,B248,M,H12,32.1942446,32.21924838,0.025003779,0.050588545,3675.239602,112432.6366,5,562163.1828
1,E10,Cy5,HSP60,Unkn-15,30_deg,B209,M,L6,30.33453343,30.3714512,0.036917764,0.066325302,16354.51246,385858.7743,5,1929293.871
1,E11,Cy5,HSP60,Unkn-15,30_deg,B209,M,L6,30.33179937,30.3714512,0.039651829,0.066325302,16354.51246,386558.922,5,1932794.61
1,E12,Cy5,HSP60,Unkn-15,30_deg,B209,M,L6,30.44802079,30.3714512,0.076569593,0.066325302,16354.51246,357888.4919,5,1789442.459
1,F04,Cy5,HSP60,Unkn-16,40_deg,B195,F,H4,30.56918247,30.52560213,0.043580339,0.111905053,25712.84817,330260.879,5,1651304.395
1,F05,Cy5,HSP60,Unkn-16,40_deg,B195,F,H4,30.60916046,30.52560213,0.08355833,0.111905053,25712.84817,321621.2822,5,1608106.411
1,F06,Cy5,HSP60,Unkn-16,40_deg,B195,F,H4,30.39846346,30.52560213,0.127138669,0.111905053,25712.84817,369844.0384,5,1849220.192
1,F07,Cy5,HSP60,Unkn-17,30_deg,B368,M,L4,30.33632919,30.46654661,0.130217419,0.146960195,34033.59874,385399.6021,5,1926998.01
1,F08,Cy5,HSP60,Unkn-17,30_deg,B368,M,L4,30.62588836,30.46654661,0.159341755,0.146960195,34033.59874,318073.6492,5,1590368.246
1,F09,Cy5,HSP60,Unkn-17,30_deg,B368,M,L4,30.43742227,30.46654661,0.029124336,0.146960195,34033.59874,360412.4302,5,1802062.151
1,F10,Cy5,HSP60,Unkn-18,40_deg,B336,F,H10,30.15867198,30.15597529,0.002696688,0.031089033,8966.625521,433581.4832,5,2167907.416
1,F11,Cy5,HSP60,Unkn-18,40_deg,B336,F,H10,30.18562814,30.15597529,0.029652848,0.031089033,8966.625521,425900.5828,5,2129502.914
1,F12,Cy5,HSP60,Unkn-18,40_deg,B336,F,H10,30.12362576,30.15597529,0.032349535,0.031089033,8966.625521,443775.0611,5,2218875.306
1,G04,Cy5,HSP60,Unkn-19,30_deg,B388,F,L14,30.37823301,30.41746109,0.039228079,0.164386868,39166.83773,374838.621,5,1874193.105
1,G05,Cy5,HSP60,Unkn-19,30_deg,B388,F,L14,30.59791328,30.41746109,0.180452191,0.164386868,39166.83773,324028.7903,5,1620143.951
1,G06,Cy5,HSP60,Unkn-19,30_deg,B388,F,L14,30.27623698,30.41746109,0.141224111,0.164386868,39166.83773,401066.0052,5,2005330.026
1,G07,Cy5,HSP60,Unkn-20,40_deg,B234,F,H16,29.82196307,30.06605456,0.244091494,0.246431347,75580.88701,542040.677,5,2710203.385
1,G08,Cy5,HSP60,Unkn-20,40_deg,B234,F,H16,30.06143968,30.06605456,0.004614886,0.246431347,75580.88701,462456.0328,5,2312280.164
1,G09,Cy5,HSP60,Unkn-20,40_deg,B234,F,H16,30.31476094,30.06605456,0.24870638,0.246431347,75580.88701,390950.8943,5,1954754.471
1,G10,Cy5,HSP60,Unkn-21,30_deg,B367,F,L2,31.41176419,31.4167077,0.004943502,0.069490315,8657.81215,188895.3025,5,944476.5125
1,G11,Cy5,HSP60,Unkn-21,30_deg,B367,F,L2,31.48853776,31.4167077,0.071830062,0.069490315,8657.81215,179520.0178,5,897600.0891
1,G12,Cy5,HSP60,Unkn-21,30_deg,B367,F,L2,31.34982114,31.4167077,0.066886559,0.069490315,8657.81215,196815.2437,5,984076.2183
1,H04,Cy5,HSP60,Unkn-22,40_deg,B302,F,H12,29.98381364,30.13915592,0.155342288,0.246738671,68819.73972,486882.5506,5,2434412.753
1,H05,Cy5,HSP60,Unkn-22,40_deg,B302,F,H12,30.42366409,30.13915592,0.284508162,0.246738671,68819.73972,363715.3819,5,1818576.909
1,H06,Cy5,HSP60,Unkn-22,40_deg,B302,F,H12,30.00999005,30.13915592,0.129165874,0.246738671,68819.73972,478504.7567,5,2392523.783
1,H07,Cy5,HSP60,Unkn-23,30_deg,B369,F,L4,30.59196774,30.61445025,0.022482512,0.067911996,14293.68311,325308.7324,5,1626543.662
1,H08,Cy5,HSP60,Unkn-23,30_deg,B369,F,L4,30.69075257,30.61445025,0.076302317,0.067911996,14293.68311,304683.4902,5,1523417.451
1,H09,Cy5,HSP60,Unkn-23,30_deg,B369,F,L4,30.56063044,30.61445025,0.053819806,0.067911996,14293.68311,332138.9719,5,1660694.86
1,H10,Cy5,HSP60,Unkn-24,40_deg,B362,M,H2,30.75596559,30.72768926,0.028276323,0.039536065,7848.550718,291789.5303,5,1458947.652
1,H11,Cy5,HSP60,Unkn-24,40_deg,B362,M,H2,30.74459039,30.72768926,0.016901129,0.039536065,7848.550718,293998.6856,5,1469993.428
1,H12,Cy5,HSP60,Unkn-24,40_deg,B362,M,H2,30.68251181,30.72768926,0.045177453,0.039536065,7848.550718,306352.8958,5,1531764.479
1,A04,FAM,APTX,Unkn-01,30_deg,B230,M,L12,29.70711104,29.73565646,0.028545415,0.076747722,42989.30173,891101.2614,5,4455506.307
1,A05,FAM,APTX,Unkn-01,30_deg,B230,M,L12,29.67727187,29.73565646,0.058384586,0.076747722,42989.30173,908493.0387,5,4542465.193
1,A06,FAM,APTX,Unkn-01,30_deg,B230,M,L12,29.82258646,29.73565646,0.086930001,0.076747722,42989.30173,826876.7499,5,4134383.75
1,A07,FAM,APTX,Unkn-02,40_deg,B364,F,H6,30.55850642,30.72230014,0.163793719,0.143884325,44109.87162,513342.3561,5,2566711.78
1,A08,FAM,APTX,Unkn-02,40_deg,B364,F,H6,30.78008451,30.72230014,0.057784368,0.143884325,44109.87162,444704.3155,5,2223521.577
1,A09,FAM,APTX,Unkn-02,40_deg,B364,F,H6,30.82830949,30.72230014,0.106009351,0.143884325,44109.87162,431026.9103,5,2155134.552
1,A10,FAM,APTX,Unkn-03,30_deg,B221,M,L2,30.11903702,30.17045015,0.051413131,0.162174615,67922.44824,682403.7828,5,3412018.914
1,A11,FAM,APTX,Unkn-03,30_deg,B221,M,L2,30.04021402,30.17045015,0.130236126,0.162174615,67922.44824,718152.0615,5,3590760.308
1,A12,FAM,APTX,Unkn-03,30_deg,B221,M,L2,30.35209941,30.17045015,0.181649257,0.162174615,67922.44824,586779.3655,5,2933896.828
1,B04,FAM,APTX,Unkn-04,40_deg,B193,F,H14,32.33256914,32.19140331,0.14116583,0.130172137,14870.0962,162673.3836,5,813366.9182
1,B05,FAM,APTX,Unkn-04,40_deg,B193,F,H14,32.16552992,32.19140331,0.025873391,0.130172137,14870.0962,181262.9465,5,906314.7327
1,B06,FAM,APTX,Unkn-04,40_deg,B193,F,H14,32.07611087,32.19140331,0.11529244,0.130172137,14870.0962,192072.4033,5,960362.0167
1,B07,FAM,APTX,Unkn-05,30_deg,B372,M,L10,30.18300218,30.20580367,0.022801487,0.043451739,18014.50987,654706.0273,5,3273530.136
1,B08,FAM,APTX,Unkn-05,30_deg,B372,M,L10,30.25591,30.20580367,0.050106334,0.043451739,18014.50987,624504.3207,5,3122521.603
1,B09,FAM,APTX,Unkn-05,30_deg,B372,M,L10,30.17849882,30.20580367,0.027304848,0.043451739,18014.50987,656618.7094,5,3283093.547
1,B10,FAM,APTX,Unkn-06,40_deg,B275,M,H8,30.98212569,30.87224006,0.10988563,0.10239622,27587.40728,390150.2015,5,1950751.007
1,B11,FAM,APTX,Unkn-06,40_deg,B275,M,H8,30.77949715,30.87224006,0.09274291,0.10239622,27587.40728,444873.5487,5,2224367.744
1,B12,FAM,APTX,Unkn-06,40_deg,B275,M,H8,30.85509734,30.87224006,0.017142719,0.10239622,27587.40728,423612.0037,5,2118060.019
1,C04,FAM,APTX,Unkn-07,30_deg,B371,M,L8,32.76163242,32.89621342,0.134581003,0.132922058,9753.345191,123199.7122,5,615998.561
1,C05,FAM,APTX,Unkn-07,30_deg,B371,M,L8,33.02741197,32.89621342,0.13119855,0.132922058,9753.345191,103714.362,5,518571.8102
1,C06,FAM,APTX,Unkn-07,30_deg,B371,M,L8,32.89959587,32.89621342,0.003382453,0.132922058,9753.345191,112667.0536,5,563335.268
1,C07,FAM,APTX,Unkn-08,40_deg,B390,M,H16,30.00777992,29.99684482,0.010935092,0.010481421,5012.606495,733400.1263,5,3667000.631
1,C08,FAM,APTX,Unkn-08,40_deg,B390,M,H16,29.99586927,29.99684482,0.000975553,0.010481421,5012.606495,739080.5252,5,3695402.626
1,C09,FAM,APTX,Unkn-08,40_deg,B390,M,H16,29.98688528,29.99684482,0.00995954,0.010481421,5012.606495,743394.2389,5,3716971.194
1,C10,FAM,APTX,Unkn-09,30_deg,B403,F,L16,31.18915425,31.31138836,0.122234105,0.14052247,28324.35151,341184.4616,5,1705922.308
1,C11,FAM,APTX,Unkn-09,30_deg,B403,F,L16,31.2800896,31.31138836,0.03129876,0.14052247,28324.35151,321667.1675,5,1608335.837
1,C12,FAM,APTX,Unkn-09,30_deg,B403,F,L16,31.46492122,31.31138836,0.153532864,0.14052247,28324.35151,285370.271,5,1426851.355
1,D04,FAM,APTX,Unkn-10,40_deg,B191,F,H8,31.15270759,31.1745569,0.021849305,0.048939571,10828.05747,349335.442,5,1746677.21
1,D05,FAM,APTX,Unkn-10,40_deg,B191,F,H8,31.140348,31.1745569,0.0342089,0.048939571,10828.05747,352143.5429,5,1760717.714
1,D06,FAM,APTX,Unkn-10,40_deg,B191,F,H8,31.2306151,31.1745569,0.056058205,0.048939571,10828.05747,332143.0838,5,1660715.419
1,D07,FAM,APTX,Unkn-11,30_deg,B239,F,L12,29.92773416,29.97147865,0.043744485,0.037896559,18564.38509,772431.4715,5,3862157.358
1,D08,FAM,APTX,Unkn-11,30_deg,B239,F,L12,29.99236895,29.97147865,0.0208903,0.037896559,18564.38509,740758.2409,5,3703791.205
1,D09,FAM,APTX,Unkn-11,30_deg,B239,F,L12,29.99433283,29.97147865,0.022854184,0.037896559,18564.38509,739816.4765,5,3699082.382
1,D10,FAM,APTX,Unkn-12,40_deg,B365,M,H6,30.54411949,30.58650399,0.042384495,0.094847662,30482.47976,518148.8308,5,2590744.154
1,D11,FAM,APTX,Unkn-12,40_deg,B365,M,H6,30.52023913,30.58650399,0.066264855,0.094847662,30482.47976,526226.4786,5,2631132.393
1,D12,FAM,APTX,Unkn-12,40_deg,B365,M,H6,30.69515334,30.58650399,0.10864935,0.094847662,30482.47976,469855.9394,5,2349279.697
1,E04,FAM,APTX,Unkn-13,30_deg,B176,M,L14,30.04314075,30.08021296,0.037072203,0.033543678,15267.51609,716791.8276,5,3583959.138
1,E05,FAM,APTX,Unkn-13,30_deg,B176,M,L14,30.08903221,30.08021296,0.008819252,0.033543678,15267.51609,695797.0279,5,3478985.14
1,E06,FAM,APTX,Unkn-13,30_deg,B176,M,L14,30.10846591,30.08021296,0.028252951,0.033543678,15267.51609,687092.7369,5,3435463.684
1,E07,FAM,APTX,Unkn-14,40_deg,B248,M,H12,33.1431465,33.07538189,0.067764601,0.076237853,5001.972984,96223.18485,5,481115.9242
1,E08,FAM,APTX,Unkn-14,40_deg,B248,M,H12,33.09016354,33.07538189,0.014781642,0.076237853,5001.972984,99583.00563,5,497915.0282
1,E09,FAM,APTX,Unkn-14,40_deg,B248,M,H12,32.99283565,33.07538189,0.082546244,0.076237853,5001.972984,106063.5428,5,530317.714
1,E10,FAM,APTX,Unkn-15,30_deg,B209,M,L6,30.75913254,30.78978897,0.030656431,0.159665975,45147.4844,450781.0849,5,2253905.425
1,E11,FAM,APTX,Unkn-15,30_deg,B209,M,L6,30.64767399,30.78978897,0.142114984,0.159665975,45147.4844,484531.3845,5,2422656.923
1,E12,FAM,APTX,Unkn-15,30_deg,B209,M,L6,30.96256039,30.78978897,0.172771415,0.159665975,45147.4844,395126.4202,5,1975632.101
1,F04,FAM,APTX,Unkn-16,40_deg,B195,F,H4,31.5614661,31.48730264,0.074163457,0.163214319,30645.59781,268069.9348,5,1340349.674
1,F05,FAM,APTX,Unkn-16,40_deg,B195,F,H4,31.60026674,31.48730264,0.112964099,0.163214319,30645.59781,261416.1807,5,1307080.904
1,F06,FAM,APTX,Unkn-16,40_deg,B195,F,H4,31.30017509,31.48730264,0.187127556,0.163214319,30645.59781,317509.0853,5,1587545.426
1,F07,FAM,APTX,Unkn-17,30_deg,B368,M,L4,30.55758231,30.82585636,0.268274058,0.233777755,68342.3492,513649.7458,5,2568248.729
1,F08,FAM,APTX,Unkn-17,30_deg,B368,M,L4,30.93403552,30.82585636,0.108179157,0.233777755,68342.3492,402495.3492,5,2012476.746
1,F09,FAM,APTX,Unkn-17,30_deg,B368,M,L4,30.98595127,30.82585636,0.160094901,0.233777755,68342.3492,389184.5576,5,1945922.788
1,F10,FAM,APTX,Unkn-18,40_deg,B336,F,H10,31.48680556,31.55492057,0.068115015,0.082778464,14289.05809,281353.3477,5,1406766.739
1,F11,FAM,APTX,Unkn-18,40_deg,B336,F,H10,31.53090457,31.55492057,0.024016004,0.082778464,14289.05809,273429.8177,5,1367149.089
1,F12,FAM,APTX,Unkn-18,40_deg,B336,F,H10,31.64705159,31.55492057,0.092131019,0.082778464,14289.05809,253612.4995,5,1268062.498
1,G04,FAM,APTX,Unkn-19,30_deg,B388,F,L14,32.13451264,32.1510149,0.01650226,0.135329889,15938.69536,184941.7723,5,924708.8614
1,G05,FAM,APTX,Unkn-19,30_deg,B388,F,L14,32.29383919,32.1510149,0.14282429,0.135329889,15938.69536,166806.2264,5,834031.1322
1,G06,FAM,APTX,Unkn-19,30_deg,B388,F,L14,32.02469287,32.1510149,0.12632203,0.135329889,15938.69536,198577.5786,5,992887.8931
1,G07,FAM,APTX,Unkn-20,40_deg,B234,F,H16,31.34033746,31.40478424,0.064446786,0.123132282,23152.78809,309355.2025,5,1546776.013
1,G08,FAM,APTX,Unkn-20,40_deg,B234,F,H16,31.32725101,31.40478424,0.077533237,0.123132282,23152.78809,311988.7885,5,1559943.943
1,G09,FAM,APTX,Unkn-20,40_deg,B234,F,H16,31.54676426,31.40478424,0.141980022,0.123132282,23152.78809,270635.1006,5,1353175.503
1,G10,FAM,APTX,Unkn-21,30_deg,B367,F,L2,32.67702578,32.64190154,0.03512424,0.05915589,5159.354555,130140.2895,5,650701.4474
1,G11,FAM,APTX,Unkn-21,30_deg,B367,F,L2,32.57360349,32.64190154,0.068298055,0.05915589,5159.354555,139157.682,5,695788.4098
1,G12,FAM,APTX,Unkn-21,30_deg,B367,F,L2,32.67507536,32.64190154,0.033173816,0.05915589,5159.354555,130304.818,5,651524.0902
1,H04,FAM,APTX,Unkn-22,40_deg,B302,F,H12,31.10333828,31.31219414,0.208855858,0.216216528,44004.73358,360687.872,5,1803439.36
1,H05,FAM,APTX,Unkn-22,40_deg,B302,F,H12,31.53508729,31.31219414,0.222893156,0.216216528,44004.73358,272689.9692,5,1363449.846
1,H06,FAM,APTX,Unkn-22,40_deg,B302,F,H12,31.29815684,31.31219414,0.014037298,0.216216528,44004.73358,317924.4612,5,1589622.306
1,H07,FAM,APTX,Unkn-23,30_deg,B369,F,L4,32.04515246,32.05028247,0.005130011,0.054173653,6838.826901,195963.1394,5,979815.6971
1,H08,FAM,APTX,Unkn-23,30_deg,B369,F,L4,32.10683865,32.05028247,0.05655618,0.054173653,6838.826901,188287.0439,5,941435.2195
1,H09,FAM,APTX,Unkn-23,30_deg,B369,F,L4,31.9988563,32.05028247,0.051426168,0.054173653,6838.826901,201929.0107,5,1009645.053
1,H10,FAM,APTX,Unkn-24,40_deg,B362,M,H2,31.41918353,31.55719758,0.138014055,0.202639851,34118.35363,293951.6799,5,1469758.399
1,H11,FAM,APTX,Unkn-24,40_deg,B362,M,H2,31.46256782,31.55719758,0.094629764,0.202639851,34118.35363,285805.6448,5,1429028.224
1,H12,FAM,APTX,Unkn-24,40_deg,B362,M,H2,31.7898414,31.55719758,0.232643819,0.202639851,34118.35363,231206.5416,5,1156032.708
1,A04,HEX,EEF2,Unkn-01,30_deg,B230,M,L12,27.93326567,27.97210008,0.038834414,0.036387835,6211.930372,271948.986,5,1359744.93
1,A05,HEX,EEF2,Unkn-01,30_deg,B230,M,L12,27.97762518,27.97210008,0.005525097,0.036387835,6211.930372,264315.2089,5,1321576.045
1,A06,HEX,EEF2,Unkn-01,30_deg,B230,M,L12,28.0054094,27.97210008,0.033309317,0.036387835,6211.930372,259643.3801,5,1298216.9
1,A07,HEX,EEF2,Unkn-02,40_deg,B364,F,H6,26.80028306,26.85809921,0.057816142,0.051889065,18184.47073,562740.6617,5,2813703.308
1,A08,HEX,EEF2,Unkn-02,40_deg,B364,F,H6,26.87338945,26.85809921,0.015290239,0.051889065,18184.47073,536944.9563,5,2684724.781
1,A09,HEX,EEF2,Unkn-02,40_deg,B364,F,H6,26.90062511,26.85809921,0.042525904,0.051889065,18184.47073,527640.0813,5,2638200.407
1,A10,HEX,EEF2,Unkn-03,30_deg,B221,M,L2,27.56073692,27.62951155,0.068774631,0.10861085,22600.69672,345406.4746,5,1727032.373
1,A11,HEX,EEF2,Unkn-03,30_deg,B221,M,L2,27.57307566,27.62951155,0.056435889,0.10861085,22600.69672,342681.7914,5,1713408.957
1,A12,HEX,EEF2,Unkn-03,30_deg,B221,M,L2,27.75472207,27.62951155,0.125210519,0.10861085,22600.69672,304969.7609,5,1524848.805
1,B04,HEX,EEF2,Unkn-04,40_deg,B193,F,H14,29.43263887,29.303524,0.129114873,0.115655971,8258.053164,103880.6308,5,519403.154
1,B05,HEX,EEF2,Unkn-04,40_deg,B193,F,H14,29.20941465,29.303524,0.094109352,0.115655971,8258.053164,119883.3073,5,599416.5367
1,B06,HEX,EEF2,Unkn-04,40_deg,B193,F,H14,29.26851848,29.303524,0.035005521,0.115655971,8258.053164,115420.6248,5,577103.1238
1,B07,HEX,EEF2,Unkn-05,30_deg,B372,M,L10,27.23783302,27.24828044,0.010447419,0.053064298,14310.65215,424952.6019,5,2124763.009
1,B08,HEX,EEF2,Unkn-05,30_deg,B372,M,L10,27.30579142,27.24828044,0.057510977,0.053064298,14310.65215,406815.014,5,2034075.07
1,B09,HEX,EEF2,Unkn-05,30_deg,B372,M,L10,27.20121688,27.24828044,0.047063558,0.053064298,14310.65215,435058.1456,5,2175290.728
1,B10,HEX,EEF2,Unkn-06,40_deg,B275,M,H8,27.73800344,27.72179033,0.016213103,0.0500248,10073.04175,308259.9667,5,1541299.834
1,B11,HEX,EEF2,Unkn-06,40_deg,B275,M,H8,27.66566991,27.72179033,0.056120426,0.0500248,10073.04175,322909.0545,5,1614545.273
1,B12,HEX,EEF2,Unkn-06,40_deg,B275,M,H8,27.76169766,27.72179033,0.039907322,0.0500248,10073.04175,303607.3791,5,1518036.895
1,C04,HEX,EEF2,Unkn-07,30_deg,B371,M,L8,30.01506639,30.04364009,0.0285737,0.049548807,2211.827112,71479.56548,5,357397.8274
1,C05,HEX,EEF2,Unkn-07,30_deg,B371,M,L8,30.01499977,30.04364009,0.028640322,0.049548807,2211.827112,71482.62208,5,357413.1104
1,C06,HEX,EEF2,Unkn-07,30_deg,B371,M,L8,30.10085411,30.04364009,0.057214022,0.049548807,2211.827112,67650.09776,5,338250.4888
1,C07,HEX,EEF2,Unkn-08,40_deg,B390,M,H16,27.09635697,27.06274641,0.033610556,0.032940572,10047.59438,465347.2865,5,2326736.432
1,C08,HEX,EEF2,Unkn-08,40_deg,B390,M,H16,27.06136285,27.06274641,0.001383568,0.032940572,10047.59438,475917.7011,5,2379588.506
1,C09,HEX,EEF2,Unkn-08,40_deg,B390,M,H16,27.03051942,27.06274641,0.032226989,0.032940572,10047.59438,485433.2441,5,2427166.22
1,C10,HEX,EEF2,Unkn-09,30_deg,B403,F,L16,28.88503577,28.99678883,0.11175306,0.200984327,17115.48829,147631.7911,5,738158.9554
1,C11,HEX,EEF2,Unkn-09,30_deg,B403,F,L16,28.87651729,28.99678883,0.120271533,0.200984327,17115.48829,148441.1901,5,742205.9505
1,C12,HEX,EEF2,Unkn-09,30_deg,B403,F,L16,29.22881342,28.99678883,0.232024593,0.200984327,17115.48829,118399.8836,5,591999.4181
1,D04,HEX,EEF2,Unkn-10,40_deg,B191,F,H8,27.17919286,27.19753015,0.018337285,0.055693187,15469.6741,441251.8491,5,2206259.246
1,D05,HEX,EEF2,Unkn-10,40_deg,B191,F,H8,27.15331771,27.19753015,0.044212431,0.055693187,15469.6741,448641.3306,5,2243206.653
1,D06,HEX,EEF2,Unkn-10,40_deg,B191,F,H8,27.26007986,27.19753015,0.062549717,0.055693187,15469.6741,418927.7674,5,2094638.837
1,D07,HEX,EEF2,Unkn-11,30_deg,B239,F,L12,28.67621845,28.70983836,0.033619905,0.06582867,6898.724828,168806.076,5,844030.38
1,D08,HEX,EEF2,Unkn-11,30_deg,B239,F,L12,28.78568805,28.70983836,0.075849687,0.06582867,6898.724828,157352.3513,5,786761.7564
1,D09,HEX,EEF2,Unkn-11,30_deg,B239,F,L12,28.66760858,28.70983836,0.042229782,0.06582867,6898.724828,169741.5222,5,848707.6109
1,D10,HEX,EEF2,Unkn-12,40_deg,B365,M,H6,27.05041896,27.14806639,0.097647439,0.101650227,29289.27487,479272.4733,5,2396362.367
1,D11,HEX,EEF2,Unkn-12,40_deg,B365,M,H6,27.14048531,27.14806639,0.007581083,0.101650227,29289.27487,452351.812,5,2261759.06
1,D12,HEX,EEF2,Unkn-12,40_deg,B365,M,H6,27.25329492,27.14806639,0.105228522,0.101650227,29289.27487,420756.1402,5,2103780.701
1,E04,HEX,EEF2,Unkn-13,30_deg,B176,M,L14,27.30626783,27.30513507,0.00113276,0.020883163,5458.354009,406690.6352,5,2033453.176
1,E05,HEX,EEF2,Unkn-13,30_deg,B176,M,L14,27.28370858,27.30513507,0.021426489,0.020883163,5458.354009,412622.2108,5,2063111.054
1,E06,HEX,EEF2,Unkn-13,30_deg,B176,M,L14,27.3254288,27.30513507,0.020293728,0.020883163,5458.354009,401719.5978,5,2008597.989
1,E07,HEX,EEF2,Unkn-14,40_deg,B248,M,H12,31.13241883,31.15468163,0.022262799,0.081418827,1780.610972,34891.36706,5,174456.8353
1,E08,HEX,EEF2,Unkn-14,40_deg,B248,M,H12,31.24491614,31.15468163,0.090234505,0.081418827,1780.610972,32460.79622,5,162303.9811
1,E09,HEX,EEF2,Unkn-14,40_deg,B248,M,H12,31.08670992,31.15468163,0.067971706,0.081418827,1780.610972,35930.18242,5,179650.9121
1,E10,HEX,EEF2,Unkn-15,30_deg,B209,M,L6,27.47918413,27.49325053,0.014066396,0.094077321,21651.96829,363968.211,5,1819841.055
1,E11,HEX,EEF2,Unkn-15,30_deg,B209,M,L6,27.40699844,27.49325053,0.086252089,0.094077321,21651.96829,381228.4826,5,1906142.413
1,E12,HEX,EEF2,Unkn-15,30_deg,B209,M,L6,27.59356901,27.49325053,0.100318485,0.094077321,21651.96829,338203.7911,5,1691018.955
1,F04,HEX,EEF2,Unkn-16,40_deg,B195,F,H4,27.87629422,27.90382299,0.027528765,0.025755156,4590.237873,282077.4263,5,1410387.132
1,F05,HEX,EEF2,Unkn-16,40_deg,B195,F,H4,27.90784297,27.90382299,0.004019979,0.025755156,4590.237873,276422.9297,5,1382114.649
1,F06,HEX,EEF2,Unkn-16,40_deg,B195,F,H4,27.92733177,27.90382299,0.023508786,0.025755156,4590.237873,272986.7243,5,1364933.622
1,F07,HEX,EEF2,Unkn-17,30_deg,B368,M,L4,28.1990012,28.26261995,0.063618744,0.062947226,8902.704272,229304.8315,5,1146524.157
1,F08,HEX,EEF2,Unkn-17,30_deg,B368,M,L4,28.32487345,28.26261995,0.062253499,0.062947226,8902.704272,211507.6602,5,1057538.301
1,F09,HEX,EEF2,Unkn-17,30_deg,B368,M,L4,28.26398519,28.26261995,0.001365245,0.062947226,8902.704272,219937.2582,5,1099686.291
1,F10,HEX,EEF2,Unkn-18,40_deg,B336,F,H10,28.38376958,28.40475701,0.020987421,0.023647131,3043.38909,203661.3885,5,1018306.943
1,F11,HEX,EEF2,Unkn-18,40_deg,B336,F,H10,28.40012349,28.40475701,0.004633513,0.023647131,3043.38909,201534.7869,5,1007673.934
1,F12,HEX,EEF2,Unkn-18,40_deg,B336,F,H10,28.43037794,28.40475701,0.025620935,0.023647131,3043.38909,197658.9759,5,988294.8795
1,G04,HEX,EEF2,Unkn-19,30_deg,B388,F,L14,28.29291915,28.2967159,0.003796754,0.090793243,12536.47713,215890.4425,5,1079452.213
1,G05,HEX,EEF2,Unkn-19,30_deg,B388,F,L14,28.38934796,28.2967159,0.092632061,0.090793243,12536.47713,202933.4871,5,1014667.436
1,G06,HEX,EEF2,Unkn-19,30_deg,B388,F,L14,28.20788059,28.2967159,0.088835307,0.090793243,12536.47713,228001.6866,5,1140008.433
1,G07,HEX,EEF2,Unkn-20,40_deg,B234,F,H16,26.88052191,27.01647322,0.135951314,0.126701121,40282.20496,534492.4573,5,2672462.286
1,G08,HEX,EEF2,Unkn-20,40_deg,B234,F,H16,27.03763965,27.01647322,0.021166425,0.126701121,40282.20496,483219.8213,5,2416099.106
1,G09,HEX,EEF2,Unkn-20,40_deg,B234,F,H16,27.13125811,27.01647322,0.114784889,0.126701121,40282.20496,455038.8028,5,2275194.014
1,G10,HEX,EEF2,Unkn-21,30_deg,B367,F,L2,29.25136285,29.31086398,0.059501131,0.053724968,3899.389869,116698.5832,5,583492.9158
1,G11,HEX,EEF2,Unkn-21,30_deg,B367,F,L2,29.3254131,29.31086398,0.014549126,0.053724968,3899.389869,111281.75,5,556408.75
1,G12,HEX,EEF2,Unkn-21,30_deg,B367,F,L2,29.35581598,29.31086398,0.044952005,0.053724968,3899.389869,109131.2405,5,545656.2024
1,H04,HEX,EEF2,Unkn-22,40_deg,B302,F,H12,28.53933252,28.75662281,0.21729029,0.250213055,25212.53526,184308.4575,5,921542.2875
1,H05,HEX,EEF2,Unkn-22,40_deg,B302,F,H12,29.03017784,28.75662281,0.27355503,0.250213055,25212.53526,134499.6907,5,672498.4536
1,H06,HEX,EEF2,Unkn-22,40_deg,B302,F,H12,28.70035807,28.75662281,0.05626474,0.250213055,25212.53526,166210.7522,5,831053.761
1,H07,HEX,EEF2,Unkn-23,30_deg,B369,F,L4,27.82318369,27.83250873,0.009325045,0.048952127,9077.807905,291858.9296,5,1459294.648
1,H08,HEX,EEF2,Unkn-23,30_deg,B369,F,L4,27.88545265,27.83250873,0.05294392,0.048952127,9077.807905,280424.1448,5,1402120.724
1,H09,HEX,EEF2,Unkn-23,30_deg,B369,F,L4,27.78888986,27.83250873,0.043618875,0.048952127,9077.807905,298354.4018,5,1491772.009
1,H10,HEX,EEF2,Unkn-24,40_deg,B362,M,H2,28.77084188,28.76840266,0.002439224,0.008690268,888.4440479,158858.9291,5,794294.6457
1,H11,HEX,EEF2,Unkn-24,40_deg,B362,M,H2,28.75875343,28.76840266,0.009649226,0.008690268,888.4440479,160096.3044,5,800481.522
1,H12,HEX,EEF2,Unkn-24,40_deg,B362,M,H2,28.77561266,28.76840266,0.007210003,0.008690268,888.4440479,158373.2277,5,791866.1383
2,A04,Cy5,HSP60,Unkn-25,40_deg,B361,F,H2,30.98044803,31.30068897,0.320240936,0.336945448,46807.04829,257285.257,5,1286426.285
2,A05,Cy5,HSP60,Unkn-25,40_deg,B361,F,H2,31.26945495,31.30068897,0.031234025,0.336945448,46807.04829,211791.7187,5,1058958.594
2,A06,Cy5,HSP60,Unkn-25,40_deg,B361,F,H2,31.65216393,31.30068897,0.351474961,0.336945448,46807.04829,163683.3343,5,818416.6714
2,B04,Cy5,HSP60,Unkn-26,30_deg,B175,M,L16,32.22690788,32.27647303,0.049565153,0.073592822,5256.393352,111160.0482,5,555800.2408
2,B05,Cy5,HSP60,Unkn-26,30_deg,B175,M,L16,32.24147789,32.27647303,0.034995139,0.073592822,5256.393352,110074.9353,5,550374.6765
2,B06,Cy5,HSP60,Unkn-26,30_deg,B175,M,L16,32.36103332,32.27647303,0.084560291,0.073592822,5256.393352,101561.7802,5,507808.9011
2,C04,Cy5,HSP60,Unkn-27,40_deg,B363,M,H4,30.47632272,30.44316641,0.033156305,0.101397833,25618.68144,361261.4962,5,1806307.481
2,C05,Cy5,HSP60,Unkn-27,40_deg,B363,M,H4,30.32934107,30.44316641,0.113825338,0.101397833,25618.68144,398840.511,5,1994202.555
2,C06,Cy5,HSP60,Unkn-27,40_deg,B363,M,H4,30.52383544,30.44316641,0.080669033,0.101397833,25618.68144,349887.8845,5,1749439.422
2,D04,Cy5,HSP60,Unkn-28,30_deg,B370,F,L8,31.23532375,31.34940446,0.114080714,0.09915898,13658.60938,216715.0001,5,1083575
2,D05,Cy5,HSP60,Unkn-28,30_deg,B370,F,L8,31.39797745,31.34940446,0.048572983,0.09915898,13658.60938,194235.6127,5,971178.0633
2,D06,Cy5,HSP60,Unkn-28,30_deg,B370,F,L8,31.4149122,31.34940446,0.065507731,0.09915898,13658.60938,192033.5548,5,960167.7739
2,E04,Cy5,HSP60,Unkn-29,40_deg,B402,M,H14,29.38582973,29.46093552,0.075105793,0.145970395,68486.91137,752805.8383,5,3764029.192
2,E05,Cy5,HSP60,Unkn-29,40_deg,B402,M,H14,29.36781058,29.46093552,0.093124936,0.145970395,68486.91137,761994.4269,5,3809972.134
2,E06,Cy5,HSP60,Unkn-29,40_deg,B402,M,H14,29.62916625,29.46093552,0.168230729,0.145970395,68486.91137,639044.5309,5,3195222.654
2,F04,Cy5,HSP60,Unkn-30,30_deg,B287,F,L10,29.57128192,29.57507937,0.003797448,0.064002461,28515.05381,664441.2097,5,3322206.048
2,F05,Cy5,HSP60,Unkn-30,30_deg,B287,F,L10,29.51306018,29.57507937,0.062019188,0.064002461,28515.05381,691004.1546,5,3455020.773
2,F06,Cy5,HSP60,Unkn-30,30_deg,B287,F,L10,29.64089601,29.57507937,0.065816636,0.064002461,28515.05381,634017.6212,5,3170088.106
2,G04,Cy5,HSP60,Unkn-31,40_deg,B169,M,H10,32.02848264,31.95123016,0.077252478,0.142036145,13169.82676,127048.188,5,635240.9398
2,G05,Cy5,HSP60,Unkn-31,40_deg,B169,M,H10,32.03789681,31.95123016,0.086666648,0.142036145,13169.82676,126245.4579,5,631227.2893
2,G06,Cy5,HSP60,Unkn-31,40_deg,B169,M,H10,31.78731104,31.95123016,0.163919126,0.142036145,13169.82676,149447.0363,5,747235.1814
2,A04,FAM,APTX,Unkn-25,40_deg,B361,F,H2,31.96516876,32.33209165,0.36692289,0.363324119,38556.90228,203158.9666,5,1015794.833
2,A05,FAM,APTX,Unkn-25,40_deg,B361,F,H2,32.33939945,32.33209165,0.007307791,0.363324119,38556.90228,159055.8802,5,795279.4011
2,A06,FAM,APTX,Unkn-25,40_deg,B361,F,H2,32.69170675,32.33209165,0.359615099,0.363324119,38556.90228,126325.1957,5,631625.9787
2,B04,FAM,APTX,Unkn-26,30_deg,B175,M,L16,31.8581699,31.85666663,0.001503277,0.050921626,7269.887288,217883.845,5,1089419.225
2,B05,FAM,APTX,Unkn-26,30_deg,B175,M,L16,31.80501001,31.85666663,0.05165662,0.050921626,7269.887288,225591.6997,5,1127958.499
2,B06,FAM,APTX,Unkn-26,30_deg,B175,M,L16,31.90681997,31.85666663,0.050153343,0.050921626,7269.887288,211060.9042,5,1055304.521
2,C04,FAM,APTX,Unkn-27,40_deg,B363,M,H4,30.86895667,30.89562568,0.026669001,0.123591028,32677.59767,416077.4217,5,2080387.108
2,C05,FAM,APTX,Unkn-27,40_deg,B363,M,H4,30.78754636,30.89562568,0.108079319,0.123591028,32677.59767,438829.3974,5,2194146.987
2,C06,FAM,APTX,Unkn-27,40_deg,B363,M,H4,31.030374,30.89562568,0.13474832,0.123591028,32677.59767,374394.6038,5,1871973.019
2,D04,FAM,APTX,Unkn-28,30_deg,B370,F,L8,32.49569645,32.39447105,0.101225397,0.107043545,10807.69203,143601.6385,5,718008.1925
2,D05,FAM,APTX,Unkn-28,30_deg,B370,F,L8,32.28243047,32.39447105,0.112040582,0.107043545,10807.69203,165093.3733,5,825466.8666
2,D06,FAM,APTX,Unkn-28,30_deg,B370,F,L8,32.40528624,32.39447105,0.010815185,0.107043545,10807.69203,152348.1005,5,761740.5024
2,E04,FAM,APTX,Unkn-29,40_deg,B402,M,H14,29.27854131,29.2818671,0.003325792,0.094904131,72846.10299,1177259.792,5,5886298.96
2,E05,FAM,APTX,Unkn-29,40_deg,B402,M,H14,29.18866958,29.2818671,0.093197519,0.094904131,72846.10299,1248524.368,5,6242621.839
2,E06,FAM,APTX,Unkn-29,40_deg,B402,M,H14,29.37839041,29.2818671,0.096523311,0.094904131,72846.10299,1102843.526,5,5514217.628
2,F04,FAM,APTX,Unkn-30,30_deg,B287,F,L10,30.58197113,30.6183208,0.036349669,0.065708607,20809.46359,501974.539,5,2509872.695
2,F05,FAM,APTX,Unkn-30,30_deg,B287,F,L10,30.57881854,30.6183208,0.03950226,0.065708607,20809.46359,503010.5169,5,2515052.585
2,F06,FAM,APTX,Unkn-30,30_deg,B287,F,L10,30.69417272,30.6183208,0.075851928,0.065708607,20809.46359,466460.6478,5,2332303.239
2,G04,FAM,APTX,Unkn-31,40_deg,B169,M,H10,31.97018747,32.06754309,0.097355615,0.091815458,11484.64802,202493.2817,5,1012466.409
2,G05,FAM,APTX,Unkn-31,40_deg,B169,M,H10,32.15257322,32.06754309,0.085030131,0.091815458,11484.64802,179725.9347,5,898629.6734
2,G06,FAM,APTX,Unkn-31,40_deg,B169,M,H10,32.07986857,32.06754309,0.012325484,0.091815458,11484.64802,188477.622,5,942388.1102
2,A04,HEX,EEF2,Unkn-25,40_deg,B361,F,H2,30.147583,30.52607879,0.378495797,0.423541078,12921.41279,61987.59691,5,309937.9846
2,A05,HEX,EEF2,Unkn-25,40_deg,B361,F,H2,30.44710525,30.52607879,0.078973547,0.423541078,12921.41279,51147.93492,5,255739.6746
2,A06,HEX,EEF2,Unkn-25,40_deg,B361,F,H2,30.98354814,30.52607879,0.457469344,0.423541078,12921.41279,36251.14658,5,181255.7329
2,B04,HEX,EEF2,Unkn-26,30_deg,B175,M,L16,29.21872044,29.26360063,0.04488019,0.039506323,2789.044135,112506.6815,5,562533.4074
2,B05,HEX,EEF2,Unkn-26,30_deg,B175,M,L16,29.29311716,29.26360063,0.02951653,0.039506323,2789.044135,107261.53,5,536307.65
2,B06,HEX,EEF2,Unkn-26,30_deg,B175,M,L16,29.27896429,29.26360063,0.01536366,0.039506323,2789.044135,108240.1498,5,541200.7492
2,C04,HEX,EEF2,Unkn-27,40_deg,B363,M,H4,28.82029851,28.78822427,0.032074242,0.097002869,9365.533731,145284.1713,5,726420.8565
2,C05,HEX,EEF2,Unkn-27,40_deg,B363,M,H4,28.67924637,28.78822427,0.108977903,0.097002869,9365.533731,159048.4571,5,795242.2854
2,C06,HEX,EEF2,Unkn-27,40_deg,B363,M,H4,28.86512793,28.78822427,0.076903661,0.097002869,9365.533731,141164.1329,5,705820.6643
2,D04,HEX,EEF2,Unkn-28,30_deg,B370,F,L8,27.58081359,27.66709022,0.086276629,0.079786924,15709.72018,321856.3688,5,1609281.844
2,D05,HEX,EEF2,Unkn-28,30_deg,B370,F,L8,27.68224263,27.66709022,0.015152412,0.079786924,15709.72018,301573.9928,5,1507869.964
2,D06,HEX,EEF2,Unkn-28,30_deg,B370,F,L8,27.73821444,27.66709022,0.071124217,0.079786924,15709.72018,290934.0634,5,1454670.317
2,E04,HEX,EEF2,Unkn-29,40_deg,B402,M,H14,26.73289486,26.73246123,0.000433631,0.10918345,38917.12426,554595.8571,5,2772979.285
2,E05,HEX,EEF2,Unkn-29,40_deg,B402,M,H14,26.62306161,26.73246123,0.109399619,0.10918345,38917.12426,595096.0823,5,2975480.411
2,E06,HEX,EEF2,Unkn-29,40_deg,B402,M,H14,26.84142722,26.73246123,0.108965989,0.10918345,38917.12426,517283.5991,5,2586417.996
2,F04,HEX,EEF2,Unkn-30,30_deg,B287,F,L10,27.10614911,27.14486819,0.038719079,0.056102992,15182.21972,436466.4371,5,2182332.185
2,F05,HEX,EEF2,Unkn-30,30_deg,B287,F,L10,27.11924806,27.14486819,0.025620127,0.056102992,15182.21972,432812.886,5,2164064.43
2,F06,HEX,EEF2,Unkn-30,30_deg,B287,F,L10,27.2092074,27.14486819,0.064339206,0.056102992,15182.21972,408534.3352,5,2042671.676
2,G04,HEX,EEF2,Unkn-31,40_deg,B169,M,H10,30.61566774,30.52975318,0.085914566,0.090047,2815.277777,45903.92525,5,229519.6262
2,G05,HEX,EEF2,Unkn-31,40_deg,B169,M,H10,30.53751549,30.52975318,0.007762316,0.090047,2815.277777,48264.83383,5,241324.1691
2,G06,HEX,EEF2,Unkn-31,40_deg,B169,M,H10,30.43607629,30.52975318,0.093676883,0.090047,2815.277777,51511.22377,5,257556.1189
