Plate,Well,Fluor,Target,Content,Sample,BirdID,Sex,DateOfSampling,Cq,Cq Mean,Cq_Diff,Cq Std. Dev,CqMin,CqMax,SQ Std. Dev,Starting Quantity (SQ),Dilution Factor,Copy_Number
1,A04,FAM,HSP90AA1,Unkn-01,Cool,24281,F,1/3/2018,33.390126,33.28190385,0.10822215,0.260327543,33.02157631,33.54223139,8.509200624,41.25263771,5,206.2631885
1,A05,FAM,HSP90AA1,Unkn-01,Cool,24281,F,1/3/2018,33.47066394,33.28190385,0.188760092,0.260327543,33.02157631,33.54223139,8.509200624,38.99808898,5,194.9904449
1,A06,FAM,HSP90AA1,Unkn-01,Cool,24281,F,1/3/2018,32.98492161,33.28190385,0.296982243,0.260327543,33.02157631,33.54223139,8.509200624,54.73382813,5,273.6691406
1,A07,FAM,HSP90AA1,Unkn-09,Hot,23894,M,1/8/2018,32.00891415,32.00614732,0.002766828,0.023814769,31.98233255,32.02996209,1.80357971,108.1562268,5,540.7811341
1,A08,FAM,HSP90AA1,Unkn-09,Hot,23894,M,1/8/2018,32.02845783,32.00614732,0.022310503,0.023814769,31.98233255,32.02996209,1.80357971,106.6911716,5,533.4558578
1,A09,FAM,HSP90AA1,Unkn-09,Hot,23894,M,1/8/2018,31.98106999,32.00614732,0.025077331,0.023814769,31.98233255,32.02996209,1.80357971,110.2783286,5,551.391643
1,A10,FAM,HSP90AA1,Unkn-17,Cool,23870,M,1/4/2018,34.37132584,34.54761567,0.176289834,0.152726777,34.3948889,34.70034245,2.024238114,20.8009121,5,104.0045605
1,A11,FAM,HSP90AA1,Unkn-17,Cool,23870,M,1/4/2018,34.63165097,34.54761567,0.084035291,0.152726777,34.3948889,34.70034245,2.024238114,17.3454835,5,86.72741748
1,A12,FAM,HSP90AA1,Unkn-17,Cool,23870,M,1/4/2018,34.63987022,34.54761567,0.092254544,0.152726777,34.3948889,34.70034245,2.024238114,17.2462797,5,86.23139852
1,B04,FAM,HSP90AA1,Unkn-02,Hot,23882,F,1/8/2018,35.29004349,35.24836296,0.041680531,0.149099611,35.09926335,35.39746257,1.199619906,10.95593197,5,54.77965986
1,B05,FAM,HSP90AA1,Unkn-02,Hot,23882,F,1/8/2018,35.08285845,35.24836296,0.165504511,0.149099611,35.09926335,35.39746257,1.199619906,12.66019186,5,63.30095929
1,B06,FAM,HSP90AA1,Unkn-02,Hot,23882,F,1/8/2018,35.37218694,35.24836296,0.123823979,0.149099611,35.09926335,35.39746257,1.199619906,10.34556835,5,51.72784174
1,B08,FAM,HSP90AA1,Unkn-10,Cool,23871,M,1/4/2018,35.73445886,35.62324857,0.111210288,1.761156853,33.86209172,37.38440542,4.480199471,8.034552097,5,40.17276049
1,B09,FAM,HSP90AA1,Unkn-10,Cool,23871,M,1/4/2018,35.51203828,35.62324857,0.111210288,1.761156853,33.86209172,37.38440542,4.480199471,9.383611514,5,46.91805757
1,C04,FAM,HSP90AA1,Unkn-03,Cool,24508,F,1/16/2018,29.64813263,29.17388429,0.474248331,0.444095176,28.72978912,29.61797947,238.5637846,561.7287194,5,2808.643597
1,C05,FAM,HSP90AA1,Unkn-03,Cool,24508,F,1/16/2018,29.10568886,29.17388429,0.068195436,0.444095176,28.72978912,29.61797947,238.5637846,820.2069836,5,4101.034918
1,C06,FAM,HSP90AA1,Unkn-03,Cool,24508,F,1/16/2018,28.7678314,29.17388429,0.406052895,0.444095176,28.72978912,29.61797947,238.5637846,1038.28583,5,5191.42915
1,C07,FAM,HSP90AA1,Unkn-11,Cool,23866,F,1/3/2018,37.65141897,37.23449124,0.416927726,0.363945661,36.87054558,37.5984369,0.675124328,2.108600086,5,10.54300043
1,C08,FAM,HSP90AA1,Unkn-11,Cool,23866,F,1/3/2018,37.07168805,37.23449124,0.162803188,0.363945661,36.87054558,37.5984369,0.675124328,3.160032576,5,15.80016288
1,C09,FAM,HSP90AA1,Unkn-11,Cool,23866,F,1/3/2018,36.9803667,37.23449124,0.254124538,0.363945661,36.87054558,37.5984369,0.675124328,3.367968743,5,16.83984371
1,C10,FAM,HSP90AA1,Unkn-19,Cool,23869,M,1/4/2018,34.54493977,34.70175361,0.15681384,0.314300613,34.38745299,35.01605422,3.427488299,18.4274702,5,92.137351
1,C11,FAM,HSP90AA1,Unkn-19,Cool,23869,M,1/4/2018,34.49671399,34.70175361,0.205039619,0.314300613,34.38745299,35.01605422,3.427488299,19.05817727,5,95.29088637
1,C12,FAM,HSP90AA1,Unkn-19,Cool,23869,M,1/4/2018,35.06360706,34.70175361,0.361853458,0.314300613,34.38745299,35.01605422,3.427488299,12.83142081,5,64.15710405
1,D04,FAM,HSP90AA1,Unkn-04,Hot,23616,F,1/22/2018,29.12651862,28.8722954,0.254223221,0.384708749,28.48758665,29.25700415,281.9374685,808.3708551,5,4041.854275
1,D05,FAM,HSP90AA1,Unkn-04,Hot,23616,F,1/22/2018,29.06066554,28.8722954,0.188370142,0.384708749,28.48758665,29.25700415,281.9374685,846.3861455,5,4231.930727
1,D06,FAM,HSP90AA1,Unkn-04,Hot,23616,F,1/22/2018,28.42970204,28.8722954,0.442593364,0.384708749,28.48758665,29.25700415,281.9374685,1314.597483,5,6572.987413
1,D07,FAM,HSP90AA1,Unkn-12,Hot,90532,F,1/8/2018,29.00985727,29.20612573,0.196268454,0.399012778,28.80711295,29.60513851,198.9753135,876.9338986,5,4384.669493
1,D08,FAM,HSP90AA1,Unkn-12,Hot,90532,F,1/8/2018,28.94326104,29.20612573,0.262864689,0.399012778,28.80711295,29.60513851,198.9753135,918.6497965,5,4593.248983
1,D09,FAM,HSP90AA1,Unkn-12,Hot,90532,F,1/8/2018,29.66525887,29.20612573,0.459133143,0.399012778,28.80711295,29.60513851,198.9753135,555.0552665,5,2775.276332
1,D10,FAM,HSP90AA1,Unkn-20,Hot,,,,37.5158651,37.20127834,0.314586762,0.758940272,36.44233807,37.96021861,1.172975411,2.317800913,5,11.58900456
1,D11,FAM,HSP90AA1,Unkn-20,Hot,,,,36.88669158,37.20127834,0.314586762,0.758940272,36.44233807,37.96021861,1.172975411,3.59548843,5,17.97744215
1,E05,FAM,HSP90AA1,Unkn-05,Cool,24507,F,1/16/2018,29.27722066,29.47917669,0.201956028,0.619056425,28.86012026,30.09823311,382.2707441,727.6756215,5,3638.378107
1,E06,FAM,HSP90AA1,Unkn-05,Cool,24507,F,1/16/2018,29.68113272,29.47917669,0.201956028,0.619056425,28.86012026,30.09823311,382.2707441,548.9406454,5,2744.703227
1,E07,FAM,HSP90AA1,Unkn-13,Cool,90591,F,1/2/2018,30.24788975,30.08367655,0.164213196,0.175909293,29.90776726,30.25958584,51.60256924,369.6238659,5,1848.119329
1,E08,FAM,HSP90AA1,Unkn-13,Cool,90591,F,1/2/2018,29.89803446,30.08367655,0.185642095,0.175909293,29.90776726,30.25958584,51.60256924,471.8344178,5,2359.172089
1,E09,FAM,HSP90AA1,Unkn-13,Cool,90591,F,1/2/2018,30.10510545,30.08367655,0.021428899,0.175909293,29.90776726,30.25958584,51.60256924,408.3506217,5,2041.753109
1,E11,FAM,HSP90AA1,Unkn-21,Cool,23868,M,1/3/2018,35.42570721,35.20852233,0.217184883,0.63369849,34.57482384,35.84222082,7.196644915,9.966303833,5,49.83151917
1,E12,FAM,HSP90AA1,Unkn-21,Cool,23868,M,1/3/2018,34.99133745,35.20852233,0.217184883,0.63369849,34.57482384,35.84222082,7.196644915,13.49513669,5,67.47568344
1,F04,FAM,HSP90AA1,Unkn-06,Cool,90583,M,1/4/2018,33.60280543,33.553567,0.049238432,0.190869731,33.36269727,33.74443673,5.037293034,35.56277114,5,177.8138557
1,F05,FAM,HSP90AA1,Unkn-06,Cool,90583,M,1/4/2018,33.71499331,33.553567,0.161426308,0.190869731,33.36269727,33.74443673,5.037293034,32.88479552,5,164.4239776
1,F06,FAM,HSP90AA1,Unkn-06,Cool,90583,M,1/4/2018,33.34290226,33.553567,0.21066474,0.190869731,33.36269727,33.74443673,5.037293034,42.63474631,5,213.1737315
1,F07,FAM,HSP90AA1,Unkn-14,Hot,23850,F,12/30/2017,34.63895444,34.59095914,0.047995298,0.815678699,33.77528044,35.40663784,6.48566152,17.25730475,5,86.28652376
1,F08,FAM,HSP90AA1,Unkn-14,Hot,23850,F,12/30/2017,34.54296384,34.59095914,0.047995298,0.815678699,33.77528044,35.40663784,6.48566152,18.45289692,5,92.2644846
1,F10,FAM,HSP90AA1,Unkn-22,Hot,23625,M,12/30/2017,40.38754261,40.3035362,0.084006407,1.503726577,38.79980963,41.80726278,0.982885542,0.312439036,5,1.562195181
1,F12,FAM,HSP90AA1,Unkn-22,Hot,23625,M,12/30/2017,40.2195298,40.3035362,0.084006407,1.503726577,38.79980963,41.80726278,0.982885542,0.351305087,5,1.756525434
1,G04,FAM,HSP90AA1,Unkn-07,Hot,18945,M,12/30/2017,31.47118726,31.73251306,0.261325793,0.262685137,31.46982792,31.99519819,24.1785998,157.4051114,5,787.025557
1,G05,FAM,HSP90AA1,Unkn-07,Hot,18945,M,12/30/2017,31.72981515,31.73251306,0.002697905,0.262685137,31.46982792,31.99519819,24.1785998,131.41267,5,657.0633499
1,G06,FAM,HSP90AA1,Unkn-07,Hot,18945,M,12/30/2017,31.99653676,31.73251306,0.264023698,0.262685137,31.46982792,31.99519819,24.1785998,109.094463,5,545.4723148
1,G08,FAM,HSP90AA1,Unkn-15,Cool,24511,M,1/16/2018,31.27852224,31.19139489,0.087127352,0.510919857,30.68047503,31.70231475,93.06611373,180.0566858,5,900.2834288
1,G09,FAM,HSP90AA1,Unkn-15,Cool,24511,M,1/16/2018,31.10426754,31.19139489,0.087127352,0.510919857,30.68047503,31.70231475,93.06611373,203.3387322,5,1016.693661
1,G10,FAM,HSP90AA1,Unkn-23,Cool,23680,M,1/3/2018,35.42317866,35.57325808,0.150079423,0.67531671,34.89794137,36.24857479,3.028032484,9.983905107,5,49.91952554
1,G12,FAM,HSP90AA1,Unkn-23,Cool,23680,M,1/3/2018,35.7233375,35.57325808,0.150079423,0.67531671,34.89794137,36.24857479,3.028032484,8.097150054,5,40.48575027
1,H04,FAM,HSP90AA1,Unkn-08,Cool,24512,M,1/16/2018,28.84684113,29.12203204,0.275190911,0.725268846,28.39676319,29.84730089,311.1210027,982.5885105,5,4912.942553
1,H05,FAM,HSP90AA1,Unkn-08,Cool,24512,M,1/16/2018,29.39722295,29.12203204,0.275190911,0.725268846,28.39676319,29.84730089,311.1210027,669.2202663,5,3346.101331
1,H07,FAM,HSP90AA1,Unkn-16,Hot,23886,F,1/8/2018,34.05058526,34.45627937,0.405694109,0.359182759,34.09709661,34.81546213,5.259714513,26.01886105,5,130.0943053
1,H08,FAM,HSP90AA1,Unkn-16,Hot,23886,F,1/8/2018,34.73376872,34.45627937,0.277489348,0.359182759,34.09709661,34.81546213,5.259714513,16.15243063,5,80.76215314
1,H09,FAM,HSP90AA1,Unkn-16,Hot,23886,F,1/8/2018,34.58448413,34.45627937,0.128204761,0.359182759,34.09709661,34.81546213,5.259714513,17.92590641,5,89.62953203
1,H10,FAM,HSP90AA1,Unkn-24,Hot,28805,M,1/8/2018,31.05570384,31.28318545,0.227481603,0.36916564,30.91401981,31.65235109,43.30439191,210.3478936,5,1051.739468
1,H11,FAM,HSP90AA1,Unkn-24,Hot,28805,M,1/8/2018,31.08472061,31.28318545,0.198464835,0.36916564,30.91401981,31.65235109,43.30439191,206.1313943,5,1030.656972
1,H12,FAM,HSP90AA1,Unkn-24,Hot,28805,M,1/8/2018,31.70913188,31.28318545,0.425946439,0.36916564,30.91401981,31.65235109,43.30439191,133.3231776,5,666.6158881
1,A04,HEX,EEF2,Unkn-01,Cool,24281,F,1/3/2018,34.45247754,34.41799707,0.034480471,0.129816194,34.28818087,34.54781326,2.580991289,27.45596895,5,137.2798447
1,A05,HEX,EEF2,Unkn-01,Cool,24281,F,1/3/2018,34.27442169,34.41799707,0.143575374,0.129816194,34.28818087,34.54781326,2.580991289,31.06907658,5,155.3453829
1,A06,HEX,EEF2,Unkn-01,Cool,24281,F,1/3/2018,34.52709197,34.41799707,0.109094902,0.129816194,34.28818087,34.54781326,2.580991289,26.06977504,5,130.3488752
1,A07,HEX,EEF2,Unkn-09,Hot,23894,M,1/8/2018,29.25082548,29.29744607,0.046620587,0.066699253,29.23074682,29.36414532,45.03228503,1016.625004,5,5083.125018
1,A08,HEX,EEF2,Unkn-09,Hot,23894,M,1/8/2018,29.37384761,29.29744607,0.076401546,0.066699253,29.23074682,29.36414532,45.03228503,933.3924224,5,4666.962112
1,A09,HEX,EEF2,Unkn-09,Hot,23894,M,1/8/2018,29.26766511,29.29744607,0.029780959,0.066699253,29.23074682,29.36414532,45.03228503,1004.807591,5,5024.037957
1,A10,HEX,EEF2,Unkn-17,Cool,23870,M,1/4/2018,32.08929033,32.21445831,0.12516798,0.115744142,32.09871417,32.33020246,10.56542913,141.6577549,5,708.2887747
1,A11,HEX,EEF2,Unkn-17,Cool,23870,M,1/4/2018,32.31761864,32.21445831,0.103160327,0.115744142,32.09871417,32.33020246,10.56542913,120.8897428,5,604.4487139
1,A12,HEX,EEF2,Unkn-17,Cool,23870,M,1/4/2018,32.23646597,32.21445831,0.022007653,0.115744142,32.09871417,32.33020246,10.56542913,127.8970446,5,639.4852232
1,B04,HEX,EEF2,Unkn-02,Hot,23882,F,1/8/2018,32.6993488,32.59369926,0.105649533,0.462291824,32.13140744,33.05599109,25.32260315,92.74301963,5,463.7150982
1,B05,HEX,EEF2,Unkn-02,Hot,23882,F,1/8/2018,32.48804973,32.59369926,0.105649533,0.462291824,32.13140744,33.05599109,25.32260315,107.3982185,5,536.9910923
1,B08,HEX,EEF2,Unkn-10,Cool,23871,M,1/4/2018,34.8449445,35.12931886,0.284374351,1.081097951,34.0482209,36.21041681,8.035008134,20.90696245,5,104.5348122
1,B09,HEX,EEF2,Unkn-10,Cool,23871,M,1/4/2018,35.41369321,35.12931886,0.284374351,1.081097951,34.0482209,36.21041681,8.035008134,14.0860266,5,70.43013298
1,C05,HEX,EEF2,Unkn-03,Cool,24508,F,1/16/2018,30.21990441,30.0679563,0.151948115,0.641438142,29.42651816,30.70939444,187.5432347,518.7300418,5,2593.650209
1,C06,HEX,EEF2,Unkn-03,Cool,24508,F,1/16/2018,29.91600818,30.0679563,0.151948115,0.641438142,29.42651816,30.70939444,187.5432347,640.5887578,5,3202.943789
1,C07,HEX,EEF2,Unkn-11,Cool,23866,F,1/3/2018,35.41848536,35.82813226,0.409646891,0.860237753,34.9678945,36.68837001,4.941531065,14.03923553,5,70.19617763
1,C08,HEX,EEF2,Unkn-11,Cool,23866,F,1/3/2018,36.23777915,35.82813226,0.409646891,0.860237753,34.9678945,36.68837001,4.941531065,7.948602911,5,39.74301456
1,C10,HEX,EEF2,Unkn-19,Cool,23869,M,1/4/2018,34.01700088,33.87378864,0.143212234,0.390275312,33.48351333,34.26406395,11.99097848,37.1494084,5,185.747042
1,C11,HEX,EEF2,Unkn-19,Cool,23869,M,1/4/2018,33.43213859,33.87378864,0.441650048,0.390275312,33.48351333,34.26406395,11.99097848,55.75878245,5,278.7939123
1,C12,HEX,EEF2,Unkn-19,Cool,23869,M,1/4/2018,34.17222646,33.87378864,0.298437814,0.390275312,33.48351333,34.26406395,11.99097848,33.35374837,5,166.7687419
1,D04,HEX,EEF2,Unkn-04,Hot,,,,30.22906541,30.30570514,0.076639735,0.700288373,29.60541677,31.00599351,370.072086,515.4410025,5,2577.205013
1,D05,HEX,EEF2,Unkn-04,Hot,23616,F,1/22/2018,30.38234488,30.30570514,0.076639735,0.700288373,29.60541677,31.00599351,370.072086,463.4026849,5,2317.013425
1,D07,HEX,EEF2,Unkn-12,Hot,90532,F,1/8/2018,28.33327173,28.42730339,0.094031657,0.239130604,28.18817278,28.66643399,288.0543221,1922.397064,5,9611.98532
1,D08,HEX,EEF2,Unkn-12,Hot,90532,F,1/8/2018,28.24948154,28.42730339,0.177821849,0.239130604,28.18817278,28.66643399,288.0543221,2037.555638,5,10187.77819
1,D09,HEX,EEF2,Unkn-12,Hot,90532,F,1/8/2018,28.69915689,28.42730339,0.271853506,0.239130604,28.18817278,28.66643399,288.0543221,1491.120795,5,7455.603975
1,D10,HEX,EEF2,Unkn-20,Hot,,,,33.86237254,34.33600941,0.473636873,1.674147114,32.6618623,36.01015653,18.53981883,41.35986015,5,206.7993007
1,D11,HEX,EEF2,Unkn-20,Hot,,,,34.80964629,34.33600941,0.473636873,1.674147114,32.6618623,36.01015653,18.53981883,21.42569338,5,107.1284669
1,E04,HEX,EEF2,Unkn-05,Cool,24507,F,1/16/2018,30.93127962,31.27558292,0.344303295,0.357956784,30.91762613,31.6335397,61.90199925,316.5416619,5,1582.70831
1,E05,HEX,EEF2,Unkn-05,Cool,24507,F,1/16/2018,31.24968283,31.27558292,0.025900089,0.357956784,30.91762613,31.6335397,61.90199925,253.7572638,5,1268.786319
1,E06,HEX,EEF2,Unkn-05,Cool,24507,F,1/16/2018,31.6457863,31.27558292,0.370203383,0.357956784,30.91762613,31.6335397,61.90199925,192.7418763,5,963.7093815
1,E07,HEX,EEF2,Unkn-13,Cool,90591,F,1/2/2018,32.17260665,32.19074897,0.018142328,0.100452562,32.09029641,32.29120153,9.132906859,133.6955241,5,668.4776205
1,E08,HEX,EEF2,Unkn-13,Cool,90591,F,1/2/2018,32.10060391,32.19074897,0.09014506,0.100452562,32.09029641,32.29120153,9.132906859,140.5493428,5,702.746714
1,E09,HEX,EEF2,Unkn-13,Cool,90591,F,1/2/2018,32.29903636,32.19074897,0.108287388,0.100452562,32.09029641,32.29120153,9.132906859,122.4595947,5,612.2979736
1,E11,HEX,EEF2,Unkn-21,Cool,23868,M,1/3/2018,32.85918307,32.88065892,0.021475851,0.442634276,32.43802465,33.3232932,33.15058546,83.00117792,5,415.0058896
1,E12,HEX,EEF2,Unkn-21,Cool,23868,M,1/3/2018,32.90213477,32.88065892,0.021475851,0.442634276,32.43802465,33.3232932,33.15058546,80.56241053,5,402.8120526
1,F04,HEX,EEF2,Unkn-06,Cool,90583,M,1/4/2018,31.96047457,31.85080785,0.109666716,0.097980837,31.75282702,31.94878869,11.21813541,154.9115865,5,774.5579324
1,F05,HEX,EEF2,Unkn-06,Cool,90583,M,1/4/2018,31.82006086,31.85080785,0.030746994,0.097980837,31.75282702,31.94878869,11.21813541,170.775173,5,853.8758648
1,F06,HEX,EEF2,Unkn-06,Cool,90583,M,1/4/2018,31.77188813,31.85080785,0.078919722,0.097980837,31.75282702,31.94878869,11.21813541,176.5838184,5,882.9190918
1,F07,HEX,EEF2,Unkn-14,Hot,23850,F,12/30/2017,33.48797522,33.894204,0.406228787,1.05649005,32.83771396,34.95069405,20.61247517,53.63843705,5,268.1921853
1,F08,HEX,EEF2,Unkn-14,Hot,23850,F,12/30/2017,34.30043279,33.894204,0.406228787,1.05649005,32.83771396,34.95069405,20.61247517,30.51299724,5,152.5649862
1,F10,HEX,EEF2,Unkn-22,Hot,23625,M,12/30/2017,38.8278955,39.02158406,0.193688559,1.972028325,37.04955574,40.99361239,0.627005598,1.316007081,5,6.580035407
1,F11,HEX,EEF2,Unkn-22,Hot,23625,M,12/30/2017,39.21527262,39.02158406,0.193688559,1.972028325,37.04955574,40.99361239,0.627005598,1.005650793,5,5.028253965
1,G04,HEX,EEF2,Unkn-07,Hot,18945,M,12/30/2017,29.40673806,29.68490912,0.278171058,0.244359898,29.44054922,29.92926902,133.7416655,912.3182718,5,4561.591359
1,G05,HEX,EEF2,Unkn-07,Hot,18945,M,12/30/2017,29.78303849,29.68490912,0.098129373,0.244359898,29.44054922,29.92926902,133.7416655,702.5471067,5,3512.735533
1,G06,HEX,EEF2,Unkn-07,Hot,18945,M,12/30/2017,29.8649508,29.68490912,0.180041685,0.244359898,29.44054922,29.92926902,133.7416655,663.7053675,5,3318.526837
1,G08,HEX,EEF2,Unkn-15,Cool,24511,M,1/16/2018,31.44521543,31.46095179,0.015736355,0.470894823,30.99005696,31.93184661,96.32586293,221.5424278,5,1107.712139
1,G09,HEX,EEF2,Unkn-15,Cool,24511,M,1/16/2018,31.47668814,31.46095179,0.015736355,0.470894823,30.99005696,31.93184661,96.32586293,216.753701,5,1083.768505
1,G10,HEX,EEF2,Unkn-23,Cool,23680,M,1/3/2018,33.71156174,33.95269115,0.241129405,0.308504316,33.64418683,34.26119546,7.981859365,45.92562415,5,229.6281207
1,G11,HEX,EEF2,Unkn-23,Cool,23680,M,1/3/2018,33.84617135,33.95269115,0.106519797,0.308504316,33.64418683,34.26119546,7.981859365,41.82774235,5,209.1387117
1,G12,HEX,EEF2,Unkn-23,Cool,23680,M,1/3/2018,34.30034035,33.95269115,0.347649203,0.308504316,33.64418683,34.26119546,7.981859365,30.5149558,5,152.574779
1,H05,HEX,EEF2,Unkn-08,Cool,24512,M,1/16/2018,30.82730514,31.11067808,0.283372939,0.663923759,30.44675432,31.77460184,176.5827076,340.238693,5,1701.193465
1,H06,HEX,EEF2,Unkn-08,Cool,24512,M,1/16/2018,31.39405102,31.11067808,0.283372939,0.663923759,30.44675432,31.77460184,176.5827076,229.5541794,5,1147.770897
1,H08,HEX,EEF2,Unkn-16,Hot,23886,F,1/8/2018,32.40069419,32.5604379,0.159743712,0.655979805,31.90445809,33.2164177,68.35660615,114.1139054,5,570.5695268
1,H09,HEX,EEF2,Unkn-16,Hot,23886,F,1/8/2018,32.72018161,32.5604379,0.159743712,0.655979805,31.90445809,33.2164177,68.35660615,91.41116304,5,457.0558152
1,H10,HEX,EEF2,Unkn-24,Hot,28805,M,1/8/2018,29.61198534,29.90299087,0.291005524,0.415088415,29.48790245,30.31807928,174.4680339,791.1437527,5,3955.718764
1,H11,HEX,EEF2,Unkn-24,Hot,28805,M,1/8/2018,29.71866757,29.90299087,0.1843233,0.415088415,29.48790245,30.31807928,174.4680339,734.6594664,5,3673.297332
1,H12,HEX,EEF2,Unkn-24,Hot,28805,M,1/8/2018,30.37831969,29.90299087,0.475328823,0.415088415,29.48790245,30.31807928,174.4680339,464.6996166,5,2323.498083
2,A04,FAM,HSP90AA1,Unkn-25,Cool,24128,F,1/3/2018,34.10472075,34.13623343,0.031512676,0.759680142,33.37655328,34.89591357,7.921984073,23.11168258,5,115.5584129
2,A06,FAM,HSP90AA1,Unkn-25,Cool,24128,F,1/3/2018,34.1677461,34.13623343,0.031512676,0.759680142,33.37655328,34.89591357,7.921984073,22.10347437,5,110.5173719
2,A07,FAM,HSP90AA1,Unkn-33,Cool,18859,M,1/4/2018,31.7278365,31.86580194,0.137965443,0.125031662,31.74077028,31.99083361,10.14744605,124.2720994,5,621.3604971
2,A08,FAM,HSP90AA1,Unkn-33,Cool,18859,M,1/4/2018,31.89794625,31.86580194,0.032144305,0.125031662,31.74077028,31.99083361,10.14744605,110.1767418,5,550.8837088
2,A09,FAM,HSP90AA1,Unkn-33,Cool,18859,M,1/4/2018,31.97162308,31.86580194,0.105821137,0.125031662,31.74077028,31.99083361,10.14744605,104.5791585,5,522.8957926
2,A10,FAM,HSP90AA1,Unkn-41,Hot,23884,F,1/8/2018,31.6856788,31.80166871,0.115989913,0.114761303,31.68690741,31.91643001,9.605066478,128.0356541,5,640.1782703
2,A11,FAM,HSP90AA1,Unkn-41,Hot,23884,F,1/8/2018,31.80416672,31.80166871,0.002498004,0.114761303,31.68690741,31.91643001,9.605066478,117.7370986,5,588.6854929
2,A12,FAM,HSP90AA1,Unkn-41,Hot,23884,F,1/8/2018,31.91516062,31.80166871,0.113491909,0.114761303,31.68690741,31.91643001,9.605066478,108.8426331,5,544.2131657
2,B05,FAM,HSP90AA1,Unkn-26,Cool,23861,M,1/2/2018,30.177431,30.14808502,0.029345983,0.562744954,29.58534007,30.71082997,217.6795031,372.3017987,5,1861.508993
2,B06,FAM,HSP90AA1,Unkn-26,Cool,23861,M,1/2/2018,30.11873904,30.14808502,0.029345983,0.562744954,29.58534007,30.71082997,217.6795031,388.0916292,5,1940.458146
2,B07,FAM,HSP90AA1,Unkn-34,Hot,???,M,1/8/2018,33.3987462,33.47640485,0.077658653,0.220159955,33.2562449,33.69656481,5.438863327,38.09033839,5,190.451692
2,B08,FAM,HSP90AA1,Unkn-34,Hot,???,M,1/8/2018,33.30559817,33.47640485,0.170806682,0.220159955,33.2562449,33.69656481,5.438863327,40.68591993,5,203.4295997
2,B09,FAM,HSP90AA1,Unkn-34,Hot,???,M,1/8/2018,33.72487019,33.47640485,0.248465335,0.220159955,33.2562449,33.69656481,5.438863327,30.239855,5,151.199275
2,C04,FAM,HSP90AA1,Unkn-27,Hot,23893,F,1/8/2018,32.5277564,32.90044105,0.372684651,2.069654797,30.83078626,34.97009585,33.12764516,70.55308366,5,352.7654183
2,C05,FAM,HSP90AA1,Unkn-27,Hot,23893,F,1/8/2018,33.2731257,32.90044105,0.372684651,2.069654797,30.83078626,34.97009585,33.12764516,41.63174791,5,208.1587395
2,C07,FAM,HSP90AA1,Unkn-35,Cool,24514,M,1/16/2018,30.60986752,30.6060954,0.003772127,0.262044023,30.34405137,30.86813942,51.44460421,274.1476651,5,1370.738326
2,C08,FAM,HSP90AA1,Unkn-35,Cool,24514,M,1/16/2018,30.86623299,30.6060954,0.260137597,0.262044023,30.34405137,30.86813942,51.44460421,228.6598435,5,1143.299217
2,C09,FAM,HSP90AA1,Unkn-35,Cool,24514,M,1/16/2018,30.34218567,30.6060954,0.263909724,0.262044023,30.34405137,30.86813942,51.44460421,331.327377,5,1656.636885
2,D04,FAM,HSP90AA1,Unkn-28,Cool,,,,31.3881087,31.78556267,0.397453966,0.350290131,31.43527254,32.1358528,31.70679292,158.0483374,5,790.241687
2,D05,FAM,HSP90AA1,Unkn-28,Cool,24116,F,1/2/2018,32.04929684,31.78556267,0.263734171,0.350290131,31.43527254,32.1358528,31.70679292,98.9855715,5,494.9278575
2,D06,FAM,HSP90AA1,Unkn-28,Cool,24116,F,1/2/2018,31.91928246,31.78556267,0.133719795,0.350290131,31.43527254,32.1358528,31.70679292,108.525596,5,542.6279799
2,D07,FAM,HSP90AA1,Unkn-36,Cool,25430,F,1/3/2018,31.37410861,31.5406774,0.166568786,0.607199138,30.93347826,32.14787654,45.63032348,159.6220553,5,798.1102763
2,D09,FAM,HSP90AA1,Unkn-36,Cool,25430,F,1/3/2018,31.70724619,31.5406774,0.166568786,0.607199138,30.93347826,32.14787654,45.63032348,126.0962372,5,630.4811862
2,E04,FAM,HSP90AA1,Unkn-29,Hot,23888,M,1/8/2018,32.65247051,32.94931756,0.296847051,0.257564705,32.69175286,33.20688227,10.09232681,64.59289749,5,322.9644875
2,E05,FAM,HSP90AA1,Unkn-29,Hot,23888,M,1/8/2018,33.08189973,32.94931756,0.132582163,0.257564705,32.69175286,33.20688227,10.09232681,47.66487821,5,238.3243911
2,E06,FAM,HSP90AA1,Unkn-29,Hot,23888,M,1/8/2018,33.11358245,32.94931756,0.164264888,0.257564705,32.69175286,33.20688227,10.09232681,46.60802634,5,233.0401317
2,E07,FAM,HSP90AA1,Unkn-37,Hot,23849,M,12/30/2017,33.24169146,33.57801672,0.336325252,0.298060453,33.27995626,33.87607717,7.481839124,42.5682746,5,212.841373
2,E08,FAM,HSP90AA1,Unkn-37,Hot,23849,M,12/30/2017,33.68290196,33.57801672,0.104885245,0.298060453,33.27995626,33.87607717,7.481839124,31.15148524,5,155.7574262
2,E09,FAM,HSP90AA1,Unkn-37,Hot,23849,M,12/30/2017,33.80945672,33.57801672,0.231440007,0.298060453,33.27995626,33.87607717,7.481839124,28.48274195,5,142.4137097
2,F05,FAM,HSP90AA1,Unkn-30,Cool,23860,F,1/2/2018,31.83009119,31.70677062,0.123320571,0.460793456,31.24597716,32.16756407,53.54304702,115.5966822,5,577.983411
2,F06,FAM,HSP90AA1,Unkn-30,Cool,23860,F,1/2/2018,31.58345005,31.70677062,0.123320571,0.460793456,31.24597716,32.16756407,53.54304702,137.6420777,5,688.2103883
2,F07,FAM,HSP90AA1,Unkn-38,Cool,23859,F,1/2/2018,32.39815445,32.1255912,0.272563249,0.342086776,31.78350443,32.46767798,24.1588163,77.33026967,5,386.6513484
2,F08,FAM,HSP90AA1,Unkn-38,Cool,23859,F,1/2/2018,31.74171047,32.1255912,0.383880734,0.342086776,31.78350443,32.46767798,24.1588163,123.057881,5,615.2894052
2,F09,FAM,HSP90AA1,Unkn-38,Cool,23859,F,1/2/2018,32.23690869,32.1255912,0.111317484,0.342086776,31.78350443,32.46767798,24.1588163,86.67799661,5,433.3899831
2,G04,FAM,HSP90AA1,Unkn-31,Cool,23865,F,1/3/2018,32.0043355,32.17474603,0.170410528,0.479458694,31.69528733,32.65420472,25.00856693,102.1858801,5,510.9294003
2,G06,FAM,HSP90AA1,Unkn-31,Cool,23865,F,1/3/2018,32.34515656,32.17474603,0.170410528,0.479458694,31.69528733,32.65420472,25.00856693,80.28577011,5,401.4288506
2,H04,FAM,HSP90AA1,Unkn-32,Hot,24278,F,1/22/2018,32.58092439,32.6807767,0.09985231,0.447595814,32.23318089,33.12837252,26.14372353,67.94768546,5,339.7384273
2,H06,FAM,HSP90AA1,Unkn-32,Hot,24278,F,1/22/2018,32.78062901,32.6807767,0.09985231,0.447595814,32.23318089,33.12837252,26.14372353,58.99224044,5,294.9612022
2,H07,FAM,HSP90AA1,Unkn-40,Cool,24506,F,1/16/2018,29.77887249,29.82287429,0.044001794,0.354559357,29.46831493,30.17743364,118.8318594,493.6205313,5,2468.102656
2,H08,FAM,HSP90AA1,Unkn-40,Cool,24506,F,1/16/2018,30.19738081,29.82287429,0.374506527,0.354559357,29.46831493,30.17743364,118.8318594,367.08235,5,1835.41175
2,H09,FAM,HSP90AA1,Unkn-40,Cool,24506,F,1/16/2018,29.49236955,29.82287429,0.330504733,0.354559357,29.46831493,30.17743364,118.8318594,604.5757183,5,3022.878592
2,A05,HEX,EEF2,Unkn-25,Cool,24128,F,1/3/2018,32.35112526,32.17751,0.173615255,0.557185839,31.62032416,32.73469584,68.33872034,112.4706153,5,562.3530766
2,A06,HEX,EEF2,Unkn-25,Cool,24128,F,1/3/2018,32.00389475,32.17751,0.173615255,0.557185839,31.62032416,32.73469584,68.33872034,143.7985838,5,718.9929192
2,A07,HEX,EEF2,Unkn-33,Cool,18859,M,1/4/2018,28.92112461,28.9818333,0.060708688,0.053473724,28.92835958,29.03530702,46.6267838,1274.068789,5,6370.343946
2,A08,HEX,EEF2,Unkn-33,Cool,18859,M,1/4/2018,29.00242647,28.9818333,0.020593172,0.053473724,28.92835958,29.03530702,46.6267838,1202.835116,5,6014.175582
2,A09,HEX,EEF2,Unkn-33,Cool,18859,M,1/4/2018,29.02194882,28.9818333,0.040115516,0.053473724,28.92835958,29.03530702,46.6267838,1186.331959,5,5931.659793
2,A10,HEX,EEF2,Unkn-41,Hot,23884,F,1/8/2018,29.88124452,29.91049293,0.029248417,0.090776582,29.81971635,30.00126951,40.10281432,645.8266313,5,3229.133157
2,A11,HEX,EEF2,Unkn-41,Hot,23884,F,1/8/2018,29.83794613,29.91049293,0.072546804,0.090776582,29.81971635,30.00126951,40.10281432,665.9214294,5,3329.607147
2,A12,HEX,EEF2,Unkn-41,Hot,23884,F,1/8/2018,30.01228815,29.91049293,0.101795221,0.090776582,29.81971635,30.00126951,40.10281432,588.6292799,5,2943.146399
2,B05,HEX,EEF2,Unkn-26,Cool,23861,M,1/2/2018,28.64831586,28.56393355,0.08438231,0.498426669,28.06550688,29.06236021,786.7306085,1545.382975,5,7726.914875
2,B06,HEX,EEF2,Unkn-26,Cool,23861,M,1/2/2018,28.47955124,28.56393355,0.08438231,0.498426669,28.06550688,29.06236021,786.7306085,1741.418404,5,8707.092021
2,B07,HEX,EEF2,Unkn-34,Hot,???,M,1/8/2018,31.13258393,31.39352315,0.260939217,0.231801991,31.16172116,31.62532514,37.85957957,266.4020335,5,1332.010167
2,B08,HEX,EEF2,Unkn-34,Hot,???,M,1/8/2018,31.47236712,31.39352315,0.078843968,0.231801991,31.16172116,31.62532514,37.85957957,209.4646834,5,1047.323417
2,B09,HEX,EEF2,Unkn-34,Hot,???,M,1/8/2018,31.5756184,31.39352315,0.182095249,0.231801991,31.16172116,31.62532514,37.85957957,194.7055095,5,973.5275477
2,C07,HEX,EEF2,Unkn-35,Cool,24514,M,1/16/2018,30.34014237,30.36714421,0.02700184,0.346395016,30.0207492,30.71353923,112.036825,466.7467526,5,2333.733763
2,C08,HEX,EEF2,Unkn-35,Cool,24514,M,1/16/2018,30.72624994,30.36714421,0.359105727,0.346395016,30.0207492,30.71353923,112.036825,355.1546853,5,1775.773426
2,C09,HEX,EEF2,Unkn-35,Cool,24514,M,1/16/2018,30.03504033,30.36714421,0.332103887,0.346395016,30.0207492,30.71353923,112.036825,579.2277476,5,2896.138738
2,D04,HEX,EEF2,Unkn-28,Cool,24116,F,1/2/2018,32.68392665,32.97686274,0.292936095,0.262386946,32.7144758,33.23924969,14.01468171,88.87059414,5,444.3529707
2,D05,HEX,EEF2,Unkn-28,Cool,24116,F,1/2/2018,33.05633644,32.97686274,0.0794737,0.262386946,32.7144758,33.23924969,14.01468171,68.28166621,5,341.408331
2,D06,HEX,EEF2,Unkn-28,Cool,24116,F,1/2/2018,33.19032514,32.97686274,0.213462395,0.262386946,32.7144758,33.23924969,14.01468171,62.10476274,5,310.5238137
2,D07,HEX,EEF2,Unkn-36,Cool,25430,F,1/3/2018,29.62652187,29.70649101,0.079969137,0.500821397,29.20566961,30.2073124,196.8360351,773.3938784,5,3866.969392
2,D09,HEX,EEF2,Unkn-36,Cool,25430,F,1/3/2018,29.78646014,29.70649101,0.079969137,0.500821397,29.20566961,30.2073124,196.8360351,690.6314549,5,3453.157275
2,E04,HEX,EEF2,Unkn-29,Hot,23888,M,1/8/2018,28.56332654,28.67196553,0.108638992,0.116924394,28.55504113,28.78888992,124.9308679,1641.179868,5,8205.89934
2,E05,HEX,EEF2,Unkn-29,Hot,23888,M,1/8/2018,28.79570758,28.67196553,0.12374205,0.116924394,28.55504113,28.78888992,124.9308679,1392.315706,5,6961.578531
2,E06,HEX,EEF2,Unkn-29,Hot,23888,M,1/8/2018,28.65686247,28.67196553,0.015103058,0.116924394,28.55504113,28.78888992,124.9308679,1536.064539,5,7680.322695
2,E07,HEX,EEF2,Unkn-37,Hot,23849,M,12/30/2017,32.0590282,31.92759531,0.13143289,0.167634495,31.75996081,32.0952298,18.53604425,138.296203,5,691.4810152
2,E08,HEX,EEF2,Unkn-37,Hot,23849,M,12/30/2017,31.98494539,31.92759531,0.057350083,0.167634495,31.75996081,32.0952298,18.53604425,145.7398703,5,728.6993513
2,E09,HEX,EEF2,Unkn-37,Hot,23849,M,12/30/2017,31.73881234,31.92759531,0.188782973,0.167634495,31.75996081,32.0952298,18.53604425,173.4695656,5,867.347828
2,F05,HEX,EEF2,Unkn-30,Cool,23860,F,1/2/2018,28.6578744,28.49854387,0.15933053,0.599026383,27.89951749,29.09757025,1033.321629,1534.964949,5,7674.824747
2,F06,HEX,EEF2,Unkn-30,Cool,23860,F,1/2/2018,28.33921334,28.49854387,0.15933053,0.599026383,27.89951749,29.09757025,1033.321629,1923.240758,5,9616.203792
2,F07,HEX,EEF2,Unkn-38,Cool,23859,F,1/2/2018,30.62090371,30.3470208,0.273882912,0.267433371,30.07958743,30.61445417,87.93256939,382.6431685,5,1913.215842
2,F08,HEX,EEF2,Unkn-38,Cool,23859,F,1/2/2018,30.08654101,30.3470208,0.260479794,0.267433371,30.07958743,30.61445417,87.93256939,558.497815,5,2792.489075
2,F09,HEX,EEF2,Unkn-38,Cool,23859,F,1/2/2018,30.33361768,30.3470208,0.013403118,0.267433371,30.07958743,30.61445417,87.93256939,468.9068318,5,2344.534159
2,G05,HEX,EEF2,Unkn-31,Cool,23865,F,1/3/2018,31.27747844,31.05048298,0.226995459,0.640287154,30.41019583,31.69077013,180.2856545,240.4399407,5,1202.199704
2,G06,HEX,EEF2,Unkn-31,Cool,23865,F,1/3/2018,30.82348752,31.05048298,0.226995459,0.640287154,30.41019583,31.69077013,180.2856545,331.5379066,5,1657.689533
2,H04,HEX,EEF2,Unkn-32,Hot,24278,F,1/22/2018,31.04515174,31.26074722,0.215595481,0.558700985,30.70204623,31.8194482,127.6660176,283.4055627,5,1417.027814
2,H06,HEX,EEF2,Unkn-32,Hot,24278,F,1/22/2018,31.4763427,31.26074722,0.215595481,0.558700985,30.70204623,31.8194482,127.6660176,208.8762107,5,1044.381053
2,H07,HEX,EEF2,Unkn-40,Cool,24506,F,1/16/2018,29.25201375,29.16299071,0.08902304,0.441372832,28.72161788,29.60436354,357.2049888,1008.090656,5,5040.453278
2,H08,HEX,EEF2,Unkn-40,Cool,24506,F,1/16/2018,29.55306652,29.16299071,0.390075814,0.441372832,28.72161788,29.60436354,357.2049888,814.6592862,5,4073.296431
2,H09,HEX,EEF2,Unkn-40,Cool,24506,F,1/16/2018,28.68389186,29.16299071,0.479098854,0.441372832,28.72161788,29.60436354,357.2049888,1506.962447,5,7534.812233
,,,,,,,,,,,,,,,,,,
,,,,,,,,,,,,,,,,,,
,,,,,,,,,,,,,,,,,,
,,,,,,,,,,,,,,,,,,
,,,,,,,,,,,,,,,,,,
,,,,,,,,,,,,,,,,,,
,,,,,,,,,,,,,,,,,,
,,,,,,,,,,,,,,,,,,
,,,,,,,,,,,,,,,,,,
,,,,,,,,,,,,,,,,,,
,,,,,,,,,,,,,,,,,,
,,,,,,,,,,,,,,,,,,
,,,,,,,,,,,,,,,,,,
,,,,,,,,,,,,,,,,,,
,,,,,,,,,,,,,,,,,,
,,,,,,,,,,,,,,,,,,
,,,,,,,,,,,,,,,,,,
,,,,,,,,,,,,,,,,,,
,,,,,,,,,,,,,,,,,,
,,,,,,,,,,,,,,,,,,
,,,,,,,,,,,,,,,,,,
,,,,,,,,,,,,,,,,,,
,,,,,,,,,,,,,,,,,,
,,,,,,,,,,,,,,,,,,
,,,,,,,,,,,,,,,,,,
,,,,,,,,,,,,,,,,,,
,,,,,,,,,,,,,,,,,,
,,,,,,,,,,,,,,,,,,
,,,,,,,,,,,,,,,,,,
,,,,,,,,,,,,,,,,,,
,,,,,,,,,,,,,,,,,,
,,,,,,,,,,,,,,,,,,
,,,,,,,,,,,,,,,,,,
,,,,,,,,,,,,,,,,,,
,,,,,,,,,,,,,,,,,,
,,,,,,,,,,,,,,,,,,
,,,,,,,,,,,,,,,,,,
,,,,,,,,,,,,,,,,,,
,,,,,,,,,,,,,,,,,,
,,,,,,,,,,,,,,,,,,
,,,,,,,,,,,,,,,,,,
,,,,,,,,,,,,,,,,,,
,,,,,,,,,,,,,,,,,,
,,,,,,,,,,,,,,,,,,
,,,,,,,,,,,,,,,,,,
,,,,,,,,,,,,,,,,,,
,,,,,,,,,,,,,,,,,,
,,,,,,,,,,,,,,,,,,
,,,,,,,,,,,,,,,,,,
,,,,,,,,,,,,,,,,,,
,,,,,,,,,,,,,,,,,,
,,,,,,,,,,,,,,,,,,
,,,,,,,,,,,,,,,,,,
,,,,,,,,,,,,,,,,,,
,,,,,,,,,,,,,,,,,,
,,,,,,,,,,,,,,,,,,
,,,,,,,,,,,,,,,,,,
,,,,,,,,,,,,,,,,,,
,,,,,,,,,,,,,,,,,,
,,,,,,,,,,,,,,,,,,
,,,,,,,,,,,,,,,,,,
,,,,,,,,,,,,,,,,,,
,,,,,,,,,,,,,,,,,,
,,,,,,,,,,,,,,,,,,
,,,,,,,,,,,,,,,,,,
,,,,,,,,,,,,,,,,,,
,,,,,,,,,,,,,,,,,,
,,,,,,,,,,,,,,,,,,
,,,,,,,,,,,,,,,,,,
,,,,,,,,,,,,,,,,,,
